hour,app,nip_h_app
0,0,115
0,1,399165
0,2,989164
0,3,2242571
0,4,707
0,5,18878
0,6,112232
0,7,5054
0,8,215516
0,9,1012827
0,10,34873
0,11,193952
0,12,1260453
0,13,220173
0,14,700348
0,15,849178
0,16,132
0,17,45718
0,18,908825
0,19,26303
0,20,84007
0,21,219434
0,22,35531
0,23,157328
0,24,54438
0,25,73038
0,26,185863
0,27,77431
0,28,77893
0,29,22157
0,30,193
0,32,7696
0,33,1721
0,34,107
0,35,8641
0,36,7899
0,37,2431
0,38,1055
0,39,905
0,40,35
0,42,39
0,43,876
0,44,18
0,45,2967
0,46,1095
0,47,146
0,48,148
0,49,177
0,50,234
0,51,79
0,52,291
0,53,1290
0,54,4
0,55,5115
0,56,486
0,57,36
0,58,1054
0,59,1175
0,60,1159
0,61,1010
0,62,1445
0,64,86861
0,65,1182
0,66,496
0,67,1
0,68,292
0,69,8
0,70,65
0,71,18
0,72,1449
0,73,40
0,74,729
0,75,2
0,76,1246
0,78,155
0,79,153
0,80,15
0,81,97
0,82,1463
0,83,566
0,84,335
0,85,56
0,86,271
0,87,71
0,88,360
0,89,18
0,90,25
0,91,74
0,93,223
0,94,435
0,95,344
0,96,136
0,97,244
0,98,51
0,99,68
0,100,99
0,101,2063
0,102,29
0,103,477
0,104,72
0,105,52
0,107,1886
0,108,208
0,109,494
0,110,722
0,111,33
0,112,38
0,114,10
0,115,77
0,116,63
0,117,83
0,118,50
0,119,208
0,120,77
0,121,187
0,122,173
0,123,38
0,124,39
0,125,361
0,127,19
0,128,65
0,130,60
0,132,2
0,133,67
0,134,354
0,135,8
0,136,1
0,137,111
0,139,17
0,140,27
0,141,54
0,142,3
0,143,30
0,144,2
0,145,173
0,146,12
0,148,147
0,149,181
0,150,1012
0,151,6084
0,152,22
0,153,1
0,154,20
0,155,72
0,158,76
0,159,15
0,160,7237
0,161,15
0,162,28
0,163,7
0,164,19
0,165,55
0,166,36
0,167,46
0,168,10
0,169,33
0,170,563
0,171,6
0,172,18
0,173,8
0,174,1
0,175,25
0,176,38
0,177,18
0,180,2
0,181,253
0,182,44
0,183,2112
0,184,20
0,185,1
0,186,38
0,188,55
0,190,79
0,192,89
0,193,2
0,194,11
0,195,4
0,197,25
0,198,2
0,199,2
0,200,13
0,202,313
0,203,9
0,204,23
0,206,64
0,207,59
0,208,15244
0,210,10
0,211,1
0,212,1
0,213,17
0,214,12
0,215,416
0,216,17
0,217,3
0,218,15
0,221,1
0,222,7
0,223,2
0,224,9
0,225,2
0,226,12
0,228,7
0,229,16
0,230,3
0,232,409
0,233,27
0,236,25
0,237,11
0,238,12
0,239,24
0,240,34
0,241,17
0,242,6
0,243,1
0,244,100
0,245,6
0,246,10
0,247,6
0,249,4
0,250,20
0,252,1
0,253,3
0,255,1
0,256,5
0,257,6
0,258,8
0,259,3
0,261,10
0,262,2
0,263,1
0,264,1
0,265,12
0,266,87
0,267,20
0,268,42
0,272,12
0,273,7
0,276,1
0,277,4
0,278,3
0,279,4
0,280,5
0,281,5
0,282,8
0,283,9
0,284,3
0,286,2
0,288,1
0,289,10
0,290,10
0,291,3
0,292,10
0,293,31
0,294,3
0,295,1
0,296,8
0,299,1
0,302,15
0,303,4
0,304,5
0,305,3
0,310,30
0,312,2
0,315,352
0,320,10
0,322,5
0,323,1
0,325,2
0,326,3
0,327,1
0,328,2
0,333,3
0,334,2
0,336,1
0,338,4
0,340,2
0,343,3
0,347,34
0,349,2
0,352,2
0,354,2
0,355,3
0,357,1
0,358,3
0,359,1
0,361,1
0,363,122
0,364,1
0,366,1
0,372,2
0,375,1
0,376,2
0,381,2
0,384,7
0,385,2
0,389,1
0,390,1
0,398,21
0,401,10
0,407,18
0,408,2
0,419,449
0,420,1
0,429,2
0,431,3
0,432,1
0,433,3
0,442,1
0,446,3
0,468,2
0,470,1
0,476,1
0,477,1
0,481,117
0,484,62
0,496,2
0,497,1
0,510,1
0,519,1
0,523,1
0,527,1
0,531,1
0,534,3
0,536,185
0,537,28
0,538,1
0,540,4
0,541,11
0,542,1
0,547,2
0,549,7
0,551,12
0,555,1
0,556,23
0,577,1
0,619,1
0,622,1
0,623,1
0,663,1
0,671,1
0,720,1
0,734,14
0,752,2
1,0,116
1,1,295334
1,2,1071469
1,3,2176170
1,4,760
1,5,18514
1,6,111264
1,7,1860
1,8,158014
1,9,746035
1,10,33278
1,11,170301
1,12,1256488
1,13,203396
1,14,569087
1,15,773821
1,16,152
1,17,42584
1,18,732467
1,19,31601
1,20,80529
1,21,179305
1,22,38784
1,23,138052
1,24,58529
1,25,64598
1,26,154786
1,27,69131
1,28,69248
1,29,24285
1,30,169
1,31,629
1,32,10510
1,33,1468
1,34,112
1,35,10369
1,36,7660
1,37,3047
1,38,1196
1,39,1195
1,40,24
1,42,24
1,43,976
1,44,14
1,45,3224
1,46,1114
1,47,157
1,48,135
1,49,336
1,50,274
1,51,69
1,52,201
1,53,1491
1,54,7
1,55,6750
1,56,456
1,57,14
1,58,813
1,59,775
1,60,1198
1,61,1332
1,62,1903
1,64,88102
1,65,1314
1,66,532
1,67,3
1,68,171
1,69,13
1,70,62
1,71,21
1,72,1359
1,73,41
1,74,548
1,75,5
1,76,1213
1,78,137
1,79,167
1,80,12
1,81,111
1,82,996
1,83,534
1,84,275
1,85,5
1,86,82
1,87,79
1,88,255
1,89,18
1,90,152
1,91,433
1,93,186
1,94,388
1,95,212
1,96,160
1,97,207
1,98,32
1,99,49
1,100,148
1,101,2200
1,102,24
1,103,345
1,104,115
1,105,53
1,106,2
1,107,1607
1,108,184
1,109,477
1,110,734
1,111,44
1,112,48
1,114,48
1,115,145
1,116,73
1,117,428
1,118,27
1,119,136
1,120,77
1,121,180
1,122,79
1,123,52
1,124,85
1,125,354
1,126,1
1,127,13
1,128,63
1,130,56
1,132,5
1,133,99
1,134,237
1,135,12
1,137,82
1,139,10
1,140,16
1,141,93
1,142,101
1,143,36
1,144,4
1,145,112
1,146,33
1,148,203
1,149,216
1,150,4095
1,151,5069
1,152,39
1,153,6
1,154,24
1,155,66
1,158,70
1,159,5
1,160,54
1,161,15
1,162,42
1,163,7
1,164,26
1,165,109
1,166,52
1,167,59
1,168,9
1,169,46
1,170,526
1,171,6
1,172,14
1,173,8
1,174,2
1,175,24
1,176,25
1,177,21
1,180,3
1,181,265
1,182,29
1,183,1542
1,184,18
1,185,67
1,186,34
1,188,35
1,190,113
1,191,130
1,192,45
1,193,4
1,194,3
1,195,9
1,197,21
1,198,1
1,200,9
1,202,307
1,203,12
1,204,35
1,205,1
1,206,37
1,207,78
1,208,6020
1,210,10
1,211,26
1,212,1
1,213,17
1,214,17
1,215,554
1,216,28
1,217,6
1,218,13
1,220,6
1,221,16
1,222,5
1,223,1
1,224,1
1,226,6
1,227,2
1,228,11
1,229,4
1,230,8
1,232,209
1,233,10
1,236,33
1,237,5
1,238,6
1,239,7
1,240,66
1,241,8
1,242,4
1,244,60
1,246,12
1,247,17
1,248,1
1,249,7
1,250,19
1,252,3
1,255,2
1,256,10
1,257,6
1,258,6
1,259,1
1,261,3
1,263,3
1,264,1
1,265,12
1,266,138
1,267,72
1,268,32
1,271,1
1,272,112
1,273,53
1,277,2
1,278,2
1,279,1
1,280,6
1,281,6
1,282,7
1,283,11
1,284,16
1,286,2
1,287,1
1,289,10
1,290,3
1,291,3
1,292,18
1,296,12
1,297,22
1,299,1
1,302,8
1,304,4
1,305,2
1,312,2
1,313,1
1,315,452
1,316,1
1,317,3
1,319,1
1,320,1
1,325,1
1,326,5
1,327,1
1,328,5
1,329,2
1,333,5
1,334,1
1,336,4
1,338,1
1,340,1
1,342,4
1,343,3
1,345,1
1,346,1
1,348,1
1,349,2
1,351,1
1,352,2
1,357,1
1,358,1
1,360,2
1,361,1
1,362,3
1,363,80
1,365,31
1,367,1
1,371,1
1,372,1
1,373,1
1,376,2
1,379,18
1,381,2
1,383,8
1,384,3
1,385,1
1,386,4
1,394,64
1,398,19
1,401,2
1,407,1
1,412,4
1,419,4
1,420,3
1,421,1
1,425,2
1,429,1
1,433,8
1,442,1
1,443,1
1,446,3
1,447,1
1,470,1
1,471,1
1,474,31
1,475,6
1,481,132
1,484,2
1,491,3
1,493,3
1,497,2
1,501,1
1,508,1
1,512,1
1,527,1
1,530,2
1,536,46
1,537,25
1,538,1
1,540,1
1,541,26
1,542,1
1,544,1
1,547,2
1,549,4
1,551,6
1,554,1
1,556,8
1,557,1
1,575,3
1,606,1
1,612,1
1,614,1
1,621,1
1,649,1
1,670,1
1,677,1
1,688,2
1,707,1
1,710,1
1,720,1
1,732,1
1,768,1
2,0,113
2,1,340132
2,2,1177538
2,3,2207994
2,4,32564
2,5,17973
2,6,114521
2,7,18049
2,8,123582
2,9,697214
2,10,32681
2,11,176271
2,12,1217856
2,13,210851
2,14,581710
2,15,761022
2,16,129
2,17,42972
2,18,764143
2,19,37197
2,20,78716
2,21,159386
2,22,39021
2,23,153431
2,24,58967
2,25,60744
2,26,144041
2,27,67605
2,28,70978
2,29,26186
2,30,137
2,31,557
2,32,26708
2,33,1478
2,34,117
2,35,10426
2,36,6974
2,37,3329
2,38,1305
2,39,1396
2,40,17
2,42,26
2,43,1070
2,44,15
2,45,3544
2,46,1493
2,47,8100
2,48,197
2,49,470
2,50,283
2,51,63
2,52,238
2,53,1076
2,54,3
2,55,12456
2,56,39626
2,57,13
2,58,16203
2,59,644
2,60,1100
2,61,644
2,62,2271
2,64,96370
2,65,1212
2,66,595
2,67,1
2,68,150
2,69,8
2,70,64
2,71,35
2,72,1181
2,73,44
2,74,264
2,75,3
2,76,981
2,77,1
2,78,176
2,79,174
2,80,31
2,81,104
2,82,1245
2,83,3212
2,84,352
2,85,4
2,86,85
2,87,984
2,88,180
2,89,24
2,90,164
2,91,151
2,93,18168
2,94,36217
2,95,121
2,96,190
2,97,154
2,98,46
2,99,33
2,100,162
2,101,1394
2,102,28
2,103,343
2,104,294
2,105,46
2,106,2
2,107,1487
2,108,131
2,109,474
2,110,836
2,111,50
2,112,56
2,114,11
2,115,108
2,116,83
2,117,722
2,118,20
2,119,68
2,120,97
2,121,133
2,122,61
2,123,876
2,124,92
2,125,535
2,126,1
2,127,14
2,128,60
2,130,70
2,132,3
2,133,113
2,134,650
2,135,8
2,136,5
2,137,68
2,138,1
2,139,14
2,140,11
2,141,83
2,142,259
2,143,48
2,144,5
2,145,133
2,146,16
2,148,286
2,149,149
2,150,8667
2,151,5579
2,152,32
2,153,6
2,154,37
2,155,89
2,158,70
2,159,10
2,160,60
2,161,30
2,162,40
2,163,27
2,164,21
2,165,107
2,166,62
2,167,39
2,168,10
2,169,30
2,170,654
2,171,54
2,172,20
2,173,12
2,174,8
2,175,25
2,176,49
2,177,44
2,180,1
2,181,183
2,182,36
2,183,1832
2,184,7
2,185,2
2,186,18
2,188,42
2,190,108
2,191,61
2,192,54
2,193,4
2,194,5
2,195,9
2,196,5
2,197,31
2,200,5
2,202,275
2,203,12
2,204,11
2,206,24
2,207,73
2,208,132
2,209,1
2,210,10
2,211,147
2,212,2
2,213,26
2,214,10
2,215,375
2,216,29
2,217,5
2,218,12
2,219,1
2,220,5
2,221,23
2,222,4
2,223,10
2,224,2
2,227,5
2,228,8
2,229,13
2,230,25
2,232,369
2,233,99
2,236,39
2,237,8
2,238,7
2,239,8
2,240,65
2,241,15
2,242,11
2,244,81
2,246,23
2,247,17
2,248,31
2,249,5
2,250,33
2,252,5
2,255,1
2,256,11
2,257,4
2,258,9
2,259,4
2,261,3
2,263,5
2,264,1
2,265,15
2,266,242
2,267,77
2,268,15
2,270,1
2,272,42
2,273,85
2,276,1
2,277,4
2,278,2
2,279,7
2,280,1
2,281,2
2,282,3
2,283,8
2,284,4
2,285,1
2,286,1
2,289,8
2,290,9
2,291,5
2,292,6
2,294,1
2,295,3
2,296,6
2,297,7
2,299,1
2,302,8
2,303,1
2,304,4
2,305,1
2,310,24
2,313,3
2,315,385
2,317,2
2,319,3
2,320,1
2,322,4
2,325,2
2,326,1
2,327,5
2,328,6
2,329,3
2,333,3
2,334,1
2,336,6
2,338,1
2,340,1
2,342,4
2,344,1
2,345,1
2,347,19
2,349,1
2,352,3
2,353,1
2,357,1
2,358,3
2,360,2
2,362,3
2,363,65
2,364,1
2,365,31
2,366,1
2,371,1
2,372,1
2,376,2
2,379,17
2,380,2
2,383,2
2,384,6
2,385,1
2,386,3
2,394,98
2,398,11
2,401,4
2,407,1
2,419,4
2,420,2
2,425,1
2,431,1
2,433,9
2,446,4
2,447,5
2,453,1
2,466,1
2,468,2
2,470,12
2,471,3
2,473,1
2,474,31
2,475,6
2,476,1
2,481,100
2,484,1
2,489,1
2,491,1
2,492,1
2,497,1
2,501,2
2,502,2
2,503,1
2,512,1
2,535,19
2,536,50
2,537,12
2,540,3
2,541,8
2,542,3
2,544,13
2,547,4
2,548,35
2,549,1
2,551,1
2,556,3
2,557,1
2,559,2
2,567,2
2,569,1
2,575,2
2,577,1
2,581,1
2,582,1
2,584,1
2,596,1
2,615,1
2,617,2
2,624,1
2,637,4
2,652,2
2,654,2
2,658,2
2,712,1
2,736,1
2,753,1
2,768,3
3,0,154
3,1,275829
3,2,1304004
3,3,2121524
3,4,6160
3,5,20051
3,6,119441
3,7,53580
3,8,151302
3,9,723235
3,10,35871
3,11,181992
3,12,1228331
3,13,220357
3,14,519292
3,15,794670
3,16,170
3,17,31179
3,18,766833
3,19,39269
3,20,82712
3,21,156221
3,22,38703
3,23,149945
3,24,54606
3,25,61798
3,26,156926
3,27,74401
3,28,74549
3,29,29428
3,30,140
3,31,343
3,32,41602
3,33,616
3,34,163
3,35,8954
3,36,6457
3,37,4855
3,38,581
3,39,1397
3,40,9
3,42,216
3,43,1710
3,44,17
3,45,4474
3,46,1897
3,47,1701
3,48,367
3,49,264
3,50,340
3,51,54
3,52,265
3,53,612
3,54,7
3,55,29179
3,56,3914
3,57,23
3,58,2856
3,59,827
3,60,1302
3,61,445
3,62,2080
3,64,99788
3,65,1299
3,66,563
3,67,1
3,68,235
3,69,12
3,70,28
3,71,31
3,72,1039
3,73,41
3,74,250
3,75,2
3,76,1057
3,77,1
3,78,203
3,79,174
3,80,29
3,81,131
3,82,1303
3,83,3438
3,84,386
3,85,3
3,86,118
3,87,568
3,88,203
3,89,17
3,90,146
3,91,183
3,92,1
3,93,1820
3,94,3693
3,95,141
3,96,319
3,97,273
3,98,31
3,99,34
3,100,188
3,101,998
3,102,28
3,103,433
3,104,318
3,105,86
3,106,2
3,107,1277
3,108,173
3,109,479
3,110,972
3,111,50
3,112,50
3,114,7
3,115,118
3,116,87
3,117,889
3,118,32
3,119,66
3,120,80
3,121,156
3,122,87
3,123,433
3,124,123
3,125,478
3,126,2
3,127,16
3,128,55
3,130,60
3,133,139
3,134,523
3,135,4
3,136,24
3,137,87
3,139,16
3,140,6
3,141,59
3,142,54
3,143,36
3,144,9
3,145,116
3,146,33
3,148,297
3,149,177
3,150,11107
3,151,6587
3,152,35
3,153,1
3,154,75
3,155,60
3,158,66
3,159,6
3,160,53
3,161,12
3,162,34
3,163,20
3,164,29
3,165,101
3,166,62
3,167,59
3,168,3
3,169,27
3,170,504
3,171,81
3,172,22
3,173,15
3,174,4
3,175,19
3,176,50
3,177,26
3,180,1
3,181,128
3,182,40
3,183,2462
3,184,12
3,185,17
3,186,3
3,188,42
3,190,135
3,191,40
3,192,99
3,193,2
3,194,1
3,195,6
3,196,5
3,197,27
3,198,1
3,200,8
3,202,272
3,203,11
3,204,18
3,205,1
3,206,25
3,207,39
3,208,101
3,209,1
3,210,6
3,211,145
3,212,3
3,213,28
3,214,20
3,215,523
3,216,28
3,217,2
3,218,26
3,220,8
3,221,21
3,222,3
3,223,1
3,224,2
3,225,1
3,226,9
3,227,1
3,228,3
3,229,11
3,230,29
3,231,1
3,232,422
3,233,89
3,236,45
3,237,11
3,238,12
3,239,12
3,240,94
3,241,17
3,242,6
3,244,62
3,245,1
3,246,19
3,247,6
3,249,11
3,250,22
3,253,1
3,255,5
3,256,11
3,257,5
3,258,8
3,259,4
3,260,4
3,261,3
3,263,4
3,265,15
3,266,256
3,267,61
3,268,41
3,271,1
3,272,9
3,273,43
3,277,7
3,279,7
3,280,3
3,281,2
3,282,5
3,283,8
3,284,11
3,286,2
3,288,2
3,290,11
3,291,13
3,292,7
3,293,31
3,294,4
3,295,1
3,296,21
3,297,1
3,298,1
3,299,1
3,300,1
3,301,5
3,302,5
3,303,2
3,304,10
3,306,1
3,308,4
3,310,104
3,312,1
3,313,3
3,315,401
3,317,1
3,319,1
3,320,1
3,322,6
3,325,2
3,326,3
3,328,5
3,329,1
3,333,6
3,334,1
3,335,1
3,336,6
3,337,4
3,338,3
3,340,1
3,342,2
3,344,1
3,347,62
3,349,5
3,351,2
3,352,1
3,354,2
3,357,1
3,358,1
3,359,1
3,360,2
3,361,1
3,362,2
3,363,58
3,365,62
3,366,2
3,371,2
3,376,1
3,378,4
3,379,60
3,380,4
3,383,1
3,384,10
3,385,4
3,386,3
3,394,148
3,397,1
3,398,29
3,401,2
3,407,3
3,419,10
3,431,2
3,433,1
3,443,2
3,446,4
3,447,6
3,448,1
3,470,3
3,471,1
3,476,1
3,478,1
3,481,134
3,484,58
3,486,3
3,492,1
3,493,1
3,494,1
3,508,2
3,512,3
3,535,10
3,536,3
3,537,30
3,538,1
3,539,10
3,540,4
3,541,10
3,542,2
3,544,37
3,546,1
3,547,7
3,548,27
3,549,1
3,551,2
3,552,47
3,553,1
3,554,2
3,555,3
3,556,6
3,561,1
3,563,1
3,567,1
3,573,1
3,577,1
3,581,1
3,600,1
3,610,6
3,614,2
3,617,1
3,634,3
3,643,1
3,660,1
3,672,1
3,673,1
3,700,1
3,701,1
3,703,1
3,717,2
3,723,1
3,726,1
3,740,1
3,748,2
4,0,152
4,1,301132
4,2,1508586
4,3,2422578
4,4,888
4,5,23265
4,6,140948
4,7,111136
4,8,256723
4,9,821634
4,10,42382
4,11,221193
4,12,1342360
4,13,252897
4,14,589694
4,15,922115
4,16,192
4,17,31934
4,18,908737
4,19,45519
4,20,80813
4,21,187542
4,22,42512
4,23,177943
4,24,47414
4,25,91474
4,26,185053
4,27,87356
4,28,88060
4,29,33839
4,30,185
4,31,621
4,32,44841
4,33,473
4,34,165
4,35,6743
4,36,7756
4,37,7296
4,38,525
4,39,1219
4,40,11
4,42,417
4,43,1225
4,44,26
4,45,6445
4,46,1731
4,47,170
4,48,414
4,49,237
4,50,491
4,51,67
4,52,243
4,53,194
4,54,6
4,55,11517
4,56,609
4,57,17
4,58,2103
4,59,336
4,60,1675
4,61,551
4,62,2372
4,64,104177
4,65,1862
4,66,736
4,67,3
4,68,441
4,69,13
4,70,48
4,71,32
4,72,1037
4,73,61
4,74,262
4,75,8
4,76,497
4,77,1
4,78,190
4,79,172
4,80,29
4,81,166
4,82,1306
4,83,2900
4,84,440
4,85,4
4,86,149
4,87,170
4,88,342
4,89,30
4,90,1
4,91,79
4,92,5
4,93,290
4,94,544
4,95,274
4,96,347
4,97,130
4,98,41
4,99,62
4,100,269
4,101,767
4,102,36
4,103,440
4,104,291
4,105,56
4,107,1585
4,108,183
4,109,831
4,110,1295
4,111,45
4,112,62
4,114,13
4,115,159
4,116,88
4,117,699
4,118,35
4,119,173
4,120,96
4,121,133
4,122,85
4,123,302
4,124,153
4,125,537
4,126,2
4,127,15
4,128,55
4,130,79
4,132,3
4,133,137
4,134,673
4,135,18
4,136,74
4,137,72
4,139,15
4,140,8
4,141,69
4,142,42
4,143,60
4,144,10
4,145,199
4,146,29
4,148,271
4,149,32
4,150,10821
4,151,8785
4,152,36
4,153,2
4,154,124
4,155,96
4,158,69
4,159,9
4,160,92
4,161,14
4,162,37
4,163,45
4,165,117
4,166,55
4,167,66
4,168,11
4,169,6
4,170,396
4,171,87
4,172,33
4,173,6
4,174,3
4,175,52
4,176,69
4,177,39
4,181,168
4,182,65
4,183,2470
4,184,7
4,185,36
4,186,8
4,188,50
4,190,122
4,191,20
4,192,174
4,193,33
4,194,2
4,195,6
4,196,3
4,197,29
4,198,9
4,199,1
4,200,9
4,202,242
4,203,10
4,204,15
4,206,55
4,207,31
4,208,113
4,210,13
4,211,155
4,212,1
4,213,21
4,214,9
4,215,682
4,216,26
4,217,2
4,218,32
4,220,10
4,221,23
4,222,6
4,223,6
4,224,5
4,226,6
4,228,9
4,229,16
4,230,18
4,231,14
4,232,544
4,233,136
4,236,42
4,237,6
4,238,11
4,239,12
4,240,64
4,241,18
4,242,10
4,244,52
4,246,21
4,247,12
4,249,5
4,250,13
4,251,7
4,252,4
4,255,18
4,256,4
4,257,9
4,258,13
4,259,7
4,260,23
4,261,6
4,262,1
4,263,1
4,264,4
4,265,12
4,266,248
4,267,112
4,268,47
4,271,2
4,272,20
4,273,196
4,275,1
4,277,1
4,278,6
4,279,8
4,280,3
4,281,2
4,282,92
4,283,9
4,284,10
4,286,2
4,289,1
4,290,11
4,291,7
4,292,8
4,293,31
4,294,1
4,296,33
4,297,3
4,299,1
4,301,2
4,302,11
4,303,2
4,304,6
4,305,1
4,306,1
4,308,4
4,310,65
4,313,3
4,314,1
4,315,520
4,317,1
4,320,34
4,322,6
4,324,1
4,325,2
4,326,4
4,327,3
4,328,10
4,329,1
4,333,4
4,334,2
4,336,3
4,338,3
4,342,1
4,343,4
4,345,1
4,347,124
4,349,1
4,350,2
4,351,1
4,352,3
4,355,1
4,357,2
4,359,1
4,360,1
4,361,1
4,363,151
4,366,1
4,371,3
4,372,1
4,378,4
4,379,31
4,384,5
4,385,3
4,386,1
4,387,2
4,388,1
4,391,1
4,392,2
4,394,226
4,397,1
4,398,44
4,400,1
4,401,8
4,407,2
4,408,2
4,419,6
4,420,1
4,423,1
4,425,1
4,427,2
4,431,1
4,433,7
4,445,1
4,446,2
4,447,14
4,448,2
4,470,2
4,471,1
4,474,5
4,481,127
4,484,44
4,486,2
4,491,1
4,497,1
4,501,1
4,504,3
4,512,1
4,519,1
4,523,1
4,530,3
4,531,2
4,535,4
4,537,28
4,539,15
4,540,8
4,541,13
4,544,13
4,547,5
4,548,41
4,549,2
4,551,3
4,552,70
4,554,1
4,555,2
4,556,8
4,557,2
4,562,1
4,565,1
4,567,1
4,569,1
4,575,4
4,616,1
4,617,1
4,626,1
4,639,1
4,640,13
4,644,1
4,645,1
4,651,1
4,670,1
4,676,1
4,704,2
4,731,2
4,742,1
4,753,1
5,0,186
5,1,252807
5,2,1399323
5,3,2195277
5,4,922
5,5,20476
5,6,126502
5,7,156247
5,8,197633
5,9,711199
5,10,37309
5,11,183032
5,12,1246217
5,13,222599
5,14,506883
5,15,861724
5,16,145
5,17,28523
5,18,789779
5,19,44128
5,20,65465
5,21,144384
5,22,41482
5,23,144917
5,24,38488
5,25,69744
5,26,170856
5,27,71098
5,28,70878
5,29,29189
5,30,181
5,31,259
5,32,42581
5,33,2046
5,34,167
5,35,4115
5,36,11767
5,37,6901
5,38,1763
5,39,1181
5,40,7
5,42,287
5,43,203
5,44,19
5,45,5457
5,46,1434
5,47,116
5,48,288
5,49,223
5,50,304
5,51,68
5,52,232
5,53,200
5,54,8
5,55,1693
5,56,384
5,57,24
5,58,1678
5,59,175
5,60,1731
5,61,896
5,62,2180
5,64,97658
5,65,1562
5,66,702
5,67,3
5,68,559
5,69,15
5,70,53
5,71,31
5,72,1080
5,73,85
5,74,200
5,75,6
5,76,270
5,78,192
5,79,214
5,80,26
5,81,192
5,82,1422
5,83,1401
5,84,400
5,85,1
5,86,104
5,87,98
5,88,420
5,90,58
5,91,155
5,93,185
5,94,351
5,95,401
5,96,201
5,97,29
5,98,51
5,99,55
5,100,212
5,101,232
5,102,26
5,103,413
5,104,257
5,105,61
5,107,1315
5,108,163
5,109,1045
5,110,1141
5,111,68
5,112,46
5,114,5
5,115,139
5,116,72
5,117,656
5,118,40
5,119,229
5,120,80
5,121,123
5,122,95
5,123,67
5,124,127
5,125,397
5,126,2
5,127,24
5,128,80
5,130,78
5,132,3
5,133,48
5,134,779
5,135,18
5,136,77
5,137,93
5,139,22
5,140,9
5,141,80
5,142,35
5,143,52
5,144,6
5,145,179
5,146,22
5,148,240
5,149,61
5,150,10470
5,151,7141
5,152,40
5,153,4
5,154,28
5,155,91
5,158,70
5,159,13
5,160,106
5,161,27
5,162,49
5,163,11
5,164,1
5,165,125
5,166,57
5,167,72
5,168,12
5,169,6
5,170,331
5,171,115
5,172,32
5,173,6
5,174,5
5,175,65
5,176,69
5,177,45
5,180,1
5,181,305
5,182,44
5,183,2163
5,184,8
5,185,26
5,186,4
5,188,72
5,189,1
5,190,107
5,191,15
5,192,114
5,193,21
5,195,5
5,196,4
5,197,27
5,198,4
5,200,14
5,202,253
5,203,19
5,204,27
5,206,37
5,207,21
5,208,83
5,210,17
5,211,37
5,212,4
5,213,25
5,214,10
5,215,308
5,216,21
5,217,2
5,218,19
5,219,1
5,220,6
5,221,25
5,222,10
5,223,5
5,224,2
5,225,1
5,226,6
5,228,10
5,229,17
5,230,9
5,231,43
5,232,509
5,233,180
5,236,36
5,237,5
5,238,14
5,239,15
5,240,94
5,241,23
5,242,11
5,244,42
5,246,24
5,247,21
5,249,5
5,250,19
5,251,1
5,253,2
5,255,3
5,256,8
5,257,5
5,258,8
5,259,1
5,260,10
5,261,7
5,262,2
5,263,2
5,265,22
5,266,146
5,267,115
5,268,57
5,269,1
5,271,3
5,272,20
5,273,91
5,275,3
5,276,1
5,277,4
5,278,7
5,279,5
5,280,1
5,281,4
5,282,67
5,283,9
5,284,10
5,286,2
5,288,3
5,289,1
5,290,7
5,292,1
5,294,1
5,296,35
5,297,7
5,299,3
5,300,1
5,301,2
5,302,12
5,303,3
5,304,9
5,305,2
5,307,7
5,308,3
5,310,40
5,313,2
5,315,470
5,317,3
5,319,1
5,320,37
5,322,2
5,323,2
5,325,4
5,327,2
5,328,3
5,333,4
5,334,1
5,336,5
5,337,7
5,338,1
5,340,4
5,341,31
5,343,1
5,345,2
5,347,31
5,348,1
5,349,4
5,351,1
5,355,1
5,358,1
5,360,1
5,362,2
5,363,245
5,365,31
5,366,3
5,371,1
5,373,2
5,383,5
5,384,1
5,385,2
5,386,2
5,392,2
5,394,198
5,398,46
5,401,1
5,407,10
5,417,2
5,419,5
5,425,3
5,431,2
5,433,4
5,441,1
5,442,2
5,443,2
5,446,2
5,447,2
5,448,2
5,450,1
5,470,3
5,471,2
5,472,1
5,473,3
5,474,62
5,475,6
5,481,115
5,484,1
5,486,1
5,489,3
5,497,1
5,501,2
5,504,4
5,519,1
5,534,1
5,535,2
5,537,46
5,540,9
5,541,16
5,544,3
5,547,5
5,548,4
5,549,1
5,552,9
5,553,1
5,554,5
5,555,2
5,556,3
5,557,1
5,560,1
5,562,2
5,567,5
5,568,1
5,570,3
5,573,1
5,574,1
5,575,2
5,606,1
5,610,5
5,617,1
5,634,1
5,638,1
5,639,7
5,643,1
5,678,1
5,682,1
5,683,1
5,701,2
5,718,31
5,730,1
5,768,2
6,0,151
6,1,238895
6,2,1207439
6,3,2048330
6,4,2187
6,5,19438
6,6,118478
6,7,245567
6,8,183384
6,9,651144
6,10,35678
6,11,173763
6,12,1196623
6,13,221223
6,14,476752
6,15,809081
6,16,145
6,17,30162
6,18,736559
6,19,51541
6,20,61402
6,21,128524
6,22,44958
6,23,134956
6,24,37062
6,25,58795
6,26,170362
6,27,66043
6,28,66004
6,29,27232
6,30,140
6,31,165
6,32,44408
6,33,2400
6,34,115
6,35,3672
6,36,9295
6,37,6054
6,38,1710
6,39,1273
6,40,3
6,42,228
6,43,194
6,44,14
6,45,5484
6,46,1265
6,47,296
6,48,246
6,49,166
6,50,296
6,51,60
6,52,246
6,53,1405
6,54,12
6,55,1448
6,56,1178
6,57,15
6,58,1775
6,59,1019
6,60,1783
6,61,923
6,62,2483
6,64,96078
6,65,1212
6,66,817
6,67,2
6,68,271
6,69,10
6,70,29
6,71,38
6,72,915
6,73,36
6,74,315
6,75,83
6,76,1183
6,78,169
6,79,203
6,80,24
6,81,160
6,82,1355
6,83,1133
6,84,459
6,85,2
6,86,110
6,87,92
6,88,220
6,89,14
6,90,66
6,91,311
6,92,1
6,93,558
6,94,1037
6,95,184
6,96,209
6,97,219
6,98,56
6,99,43
6,100,234
6,101,7
6,102,28
6,103,518
6,104,218
6,105,41
6,106,2
6,107,1096
6,108,180
6,109,740
6,110,940
6,111,39
6,112,62
6,114,5
6,115,96
6,116,48
6,117,533
6,118,60
6,119,122
6,120,84
6,121,123
6,122,125
6,123,98
6,124,147
6,125,242
6,126,3
6,127,22
6,128,56
6,130,48
6,132,9
6,133,81
6,134,357
6,135,21
6,136,51
6,137,44
6,139,15
6,140,13
6,141,85
6,142,25
6,143,40
6,144,7
6,145,120
6,146,17
6,148,284
6,149,250
6,150,11198
6,151,6217
6,152,30
6,153,14
6,154,12
6,155,78
6,158,60
6,159,5
6,160,240
6,161,14
6,162,48
6,163,9
6,165,43
6,166,62
6,167,49
6,168,7
6,169,41
6,170,491
6,171,111
6,172,17
6,173,4
6,174,2
6,175,10
6,176,69
6,177,29
6,181,136
6,182,43
6,183,1901
6,184,14
6,185,48
6,186,5
6,188,61
6,190,107
6,191,20
6,192,71
6,193,16
6,194,1
6,195,9
6,196,10
6,197,35
6,198,2
6,199,1
6,200,12
6,202,204
6,203,17
6,204,20
6,206,31
6,207,19
6,208,90
6,209,1
6,210,3
6,211,48
6,212,8
6,213,45
6,214,14
6,215,367
6,216,31
6,217,2
6,218,16
6,219,2
6,220,9
6,221,9
6,222,16
6,223,18
6,226,2
6,227,2
6,228,7
6,229,11
6,230,29
6,231,9
6,232,418
6,233,267
6,236,27
6,237,11
6,238,6
6,239,16
6,240,39
6,241,13
6,242,5
6,244,45
6,245,4
6,246,16
6,247,16
6,249,8
6,250,9
6,251,5
6,252,2
6,253,4
6,256,4
6,257,1
6,258,5
6,259,5
6,260,26
6,261,5
6,263,1
6,265,68
6,266,62
6,267,59
6,268,19
6,270,1
6,271,3
6,272,8
6,273,88
6,276,1
6,277,4
6,279,3
6,280,10
6,281,3
6,282,8
6,283,9
6,284,5
6,286,2
6,288,4
6,290,5
6,291,8
6,292,11
6,294,1
6,295,3
6,296,50
6,297,1
6,299,1
6,301,4
6,302,4
6,304,11
6,308,2
6,310,90
6,312,1
6,313,3
6,314,2
6,315,467
6,317,5
6,318,1
6,319,1
6,320,3
6,322,3
6,325,3
6,326,4
6,327,1
6,328,7
6,332,5
6,333,7
6,334,1
6,335,1
6,336,3
6,337,2
6,338,1
6,342,18
6,343,3
6,344,2
6,345,1
6,347,5
6,349,3
6,352,1
6,360,3
6,363,118
6,365,130
6,366,1
6,371,1
6,377,1
6,379,10
6,380,1
6,381,1
6,383,3
6,384,3
6,385,2
6,386,1
6,388,2
6,394,161
6,398,24
6,400,1
6,401,6
6,405,2
6,407,1
6,418,1
6,419,5
6,421,1
6,425,2
6,428,2
6,433,14
6,442,2
6,446,4
6,447,3
6,453,3
6,466,1
6,470,2
6,471,1
6,475,6
6,480,1
6,481,114
6,484,1
6,504,10
6,508,1
6,517,1
6,531,2
6,535,8
6,537,6
6,540,7
6,541,9
6,544,13
6,546,1
6,547,9
6,548,47
6,551,5
6,552,2
6,554,4
6,556,7
6,567,2
6,574,1
6,575,3
6,588,2
6,611,2
6,613,2
6,614,1
6,616,2
6,617,2
6,627,3
6,634,1
6,639,1
6,646,1
6,650,1
6,655,1
6,690,1
6,695,4
6,708,1
6,729,1
6,734,31
6,755,1
6,756,1
6,758,2
6,763,1
6,768,3
7,0,95
7,1,256851
7,2,1200813
7,3,1990367
7,4,6387
7,5,20073
7,6,115559
7,7,131891
7,8,190902
7,9,656109
7,10,35747
7,11,168749
7,12,1154380
7,13,214086
7,14,481834
7,15,737530
7,16,158
7,17,30215
7,18,764749
7,19,56958
7,20,64257
7,21,147718
7,22,43855
7,23,132331
7,24,41925
7,25,57342
7,26,166557
7,27,63766
7,28,64765
7,29,29364
7,30,139
7,31,136
7,32,41780
7,33,1831
7,34,107
7,35,3646
7,36,10101
7,37,4584
7,38,1586
7,39,1357
7,40,11
7,42,326
7,43,548
7,44,13
7,45,4395
7,46,1352
7,47,1035
7,48,309
7,49,154
7,50,282
7,51,57
7,52,354
7,53,1051
7,54,5
7,55,3195
7,56,3930
7,57,16
7,58,3198
7,59,1029
7,60,1838
7,61,1007
7,62,2711
7,64,92919
7,65,1269
7,66,897
7,67,2850
7,68,249
7,69,3
7,70,20
7,71,33
7,72,933
7,73,31
7,74,328
7,75,210
7,76,1063
7,78,158
7,79,207
7,80,10
7,81,138
7,82,1568
7,83,3164
7,84,390
7,85,1
7,86,121
7,87,116
7,88,250
7,89,17
7,90,86
7,91,124
7,92,1
7,93,1783
7,94,3576
7,95,236
7,96,236
7,97,251
7,98,56
7,99,44
7,100,181
7,101,4
7,102,27
7,103,537
7,104,197
7,105,71
7,106,1
7,107,973
7,108,200
7,109,586
7,110,806
7,111,56
7,112,60
7,114,5
7,115,77
7,116,51
7,117,463
7,118,122
7,119,174
7,120,87
7,121,97
7,122,126
7,123,84
7,124,129
7,125,172
7,126,2
7,127,18
7,128,61
7,130,67
7,132,4
7,133,85
7,134,308
7,135,20
7,136,42
7,137,33
7,139,22
7,140,7
7,141,57
7,142,95
7,143,50
7,144,3
7,145,172
7,146,28
7,148,288
7,149,274
7,150,12184
7,151,6038
7,152,40
7,153,12
7,154,17
7,155,68
7,158,49
7,159,12
7,160,734
7,161,21
7,162,46
7,163,13
7,164,20
7,165,70
7,166,85
7,167,73
7,168,5
7,169,31
7,170,613
7,171,110
7,172,26
7,173,8
7,175,18
7,176,82
7,177,48
7,181,244
7,182,43
7,183,2351
7,184,8
7,185,19
7,186,7
7,188,72
7,190,135
7,191,10
7,192,56
7,193,19
7,194,1
7,195,8
7,196,8
7,197,28
7,198,5
7,200,13
7,202,224
7,203,16
7,204,27
7,205,1
7,206,32
7,207,34
7,208,70
7,211,65
7,212,5
7,213,35
7,214,11
7,215,471
7,216,20
7,217,2
7,218,19
7,219,2
7,220,8
7,221,7
7,222,10
7,223,3
7,224,10
7,226,3
7,228,5
7,229,11
7,230,19
7,231,66
7,232,383
7,233,212
7,234,1
7,236,19
7,237,2
7,238,7
7,239,7
7,240,199
7,241,26
7,242,12
7,244,67
7,245,10
7,246,11
7,247,12
7,248,1
7,249,5
7,250,17
7,251,1
7,253,1
7,254,15
7,255,2
7,256,7
7,257,5
7,258,7
7,259,4
7,260,37
7,261,6
7,262,3
7,263,2
7,265,238
7,266,40
7,267,30
7,268,18
7,269,17
7,271,3
7,272,3
7,273,60
7,277,5
7,279,6
7,280,2
7,281,3
7,282,5
7,283,14
7,284,10
7,286,1
7,290,7
7,291,2
7,292,8
7,294,3
7,296,45
7,297,9
7,299,1
7,301,3
7,302,8
7,303,3
7,304,9
7,305,1
7,308,1
7,310,7
7,312,1
7,313,2
7,314,1
7,315,486
7,317,2
7,319,2
7,320,4
7,322,5
7,325,5
7,326,6
7,327,3
7,328,4
7,329,1
7,332,3
7,333,2
7,334,4
7,335,2
7,337,4
7,338,1
7,339,1
7,340,2
7,341,62
7,342,31
7,343,2
7,344,1
7,347,83
7,349,3
7,350,1
7,351,3
7,353,1
7,358,3
7,359,4
7,360,3
7,363,127
7,365,94
7,368,1
7,371,1
7,372,1
7,376,1
7,379,42
7,380,1
7,385,3
7,394,150
7,398,18
7,401,3
7,405,6
7,407,1
7,411,2
7,415,1
7,417,1
7,419,8
7,420,1
7,425,1
7,431,2
7,433,6
7,442,2
7,446,5
7,447,1
7,453,1
7,469,1
7,471,2
7,475,6
7,481,117
7,484,56
7,491,1
7,493,1
7,495,1
7,497,1
7,501,1
7,504,1
7,510,2
7,540,1
7,541,18
7,542,1
7,546,2
7,547,5
7,548,48
7,549,3
7,551,5
7,552,4
7,553,2
7,555,2
7,556,14
7,557,1
7,559,1
7,562,7
7,567,3
7,569,1
7,575,1
7,581,1
7,608,1
7,611,1
7,616,1
7,617,2
7,618,1
7,624,1
7,628,1
7,630,1
7,632,1
7,659,1
7,672,1
7,677,1
7,681,1
7,699,3
7,707,1
7,712,5
7,716,1
7,725,1
7,729,3
7,734,31
7,745,1
7,760,1
7,761,1
8,0,105
8,1,257366
8,2,955738
8,3,1563465
8,4,7784
8,5,19952
8,6,119819
8,7,101820
8,8,174523
8,9,749186
8,10,35057
8,11,169852
8,12,1104536
8,13,211457
8,14,480659
8,15,668789
8,16,154
8,17,29917
8,18,804100
8,19,66275
8,20,61684
8,21,158281
8,22,42904
8,23,129371
8,24,38601
8,25,63741
8,26,164879
8,27,62616
8,28,63374
8,29,35433
8,30,143
8,31,116
8,32,37306
8,33,1316
8,34,128
8,35,2778
8,36,11594
8,37,4416
8,38,1178
8,39,1284
8,40,7
8,42,209
8,43,693
8,44,16
8,45,4846
8,46,1121
8,47,1294
8,48,358
8,49,142
8,50,296
8,51,63
8,52,296
8,53,1034
8,54,6
8,55,2940
8,56,4413
8,57,9
8,58,3423
8,59,1101
8,60,1843
8,61,1581
8,62,2990
8,64,93702
8,65,1304
8,66,1016
8,67,1501
8,68,212
8,69,4
8,70,25
8,71,40
8,72,967
8,73,27
8,74,341
8,75,250
8,76,903
8,78,182
8,79,173
8,80,19
8,81,156
8,82,1828
8,83,1441
8,84,444
8,85,7
8,86,210
8,87,108
8,88,190
8,89,26
8,90,78
8,91,70
8,93,1989
8,94,3957
8,95,168
8,96,317
8,97,240
8,98,41
8,99,45
8,100,198
8,101,1
8,102,25
8,103,638
8,104,201
8,105,92
8,106,1
8,107,1017
8,108,186
8,109,1070
8,110,1044
8,111,60
8,112,60
8,114,6
8,115,85
8,116,37
8,117,648
8,118,20
8,119,93
8,120,85
8,121,118
8,122,118
8,123,72
8,124,143
8,125,375
8,126,2
8,127,17
8,128,58
8,130,68
8,132,8
8,133,80
8,134,441
8,135,21
8,136,56
8,137,36
8,139,17
8,140,7
8,141,62
8,142,94
8,143,40
8,144,15
8,145,239
8,146,10
8,148,282
8,149,271
8,150,14206
8,151,8323
8,152,41
8,153,35
8,154,56
8,155,69
8,158,75
8,159,12
8,160,934
8,161,17
8,162,40
8,163,15
8,164,50
8,165,101
8,166,110
8,167,53
8,168,4
8,169,45
8,170,617
8,171,96
8,172,14
8,173,6
8,174,8
8,175,25
8,176,69
8,177,37
8,180,1
8,181,213
8,182,38
8,183,1817
8,184,4
8,185,3
8,188,51
8,190,105
8,191,7
8,192,46
8,193,19
8,195,9
8,196,2
8,197,27
8,198,12
8,200,8
8,202,247
8,203,13
8,204,31
8,206,35
8,207,33
8,208,93
8,209,1
8,211,24
8,212,4
8,213,44
8,214,5
8,215,329
8,216,25
8,217,4
8,218,29
8,219,1
8,220,11
8,221,8
8,222,213
8,223,3
8,224,8
8,226,5
8,227,1
8,228,2
8,229,11
8,230,10
8,231,5
8,232,327
8,233,210
8,236,19
8,237,6
8,238,3
8,239,6
8,240,115
8,241,16
8,242,11
8,244,67
8,245,1
8,246,18
8,247,20
8,249,1
8,250,15
8,251,8
8,254,32
8,255,5
8,256,3
8,257,5
8,258,4
8,259,9
8,260,34
8,261,3
8,262,1
8,263,3
8,264,1
8,265,21
8,266,132
8,267,42
8,268,38
8,269,17
8,271,1
8,272,5
8,273,43
8,277,7
8,279,7
8,280,1
8,281,2
8,282,4
8,283,8
8,284,10
8,286,3
8,290,13
8,291,3
8,292,6
8,293,93
8,294,3
8,296,87
8,297,1
8,301,2
8,302,5
8,304,8
8,308,11
8,310,5
8,313,3
8,314,2
8,315,420
8,317,1
8,319,1
8,320,33
8,322,5
8,323,3
8,325,1
8,326,5
8,327,1
8,328,9
8,332,2
8,333,2
8,334,1
8,335,1
8,337,2
8,338,2
8,340,2
8,342,42
8,343,6
8,345,1
8,347,5
8,349,7
8,352,1
8,354,2
8,355,1
8,358,1
8,359,1
8,360,7
8,362,3
8,363,78
8,366,5
8,367,4
8,371,2
8,372,3
8,375,1
8,376,1
8,379,53
8,383,2
8,384,2
8,385,1
8,386,3
8,390,3
8,392,1
8,394,84
8,398,20
8,401,5
8,407,3
8,419,1
8,424,1
8,429,2
8,431,5
8,433,6
8,443,3
8,446,1
8,447,1
8,466,2
8,467,1
8,468,2
8,470,1
8,481,120
8,484,73
8,491,1
8,493,1
8,502,2
8,512,2
8,518,2
8,530,1
8,537,3
8,538,144
8,540,6
8,542,8
8,547,2
8,548,34
8,550,1
8,551,5
8,552,4
8,554,1
8,555,2
8,556,9
8,557,2
8,566,2
8,574,1
8,593,1
8,605,2
8,613,1
8,617,2
8,618,2
8,622,2
8,634,1
8,642,1
8,645,1
8,660,1
8,662,3
8,680,2
8,699,6
8,701,1
8,709,1
8,719,3
8,720,1
8,729,4
8,737,1
8,738,4
8,740,1
8,766,1
8,768,1
9,0,127
9,1,281792
9,2,920415
9,3,1461808
9,4,7756
9,5,19740
9,6,128934
9,7,116756
9,8,216680
9,9,908795
9,10,35152
9,11,175112
9,12,1270628
9,13,248084
9,14,483825
9,15,646115
9,16,205
9,17,30395
9,18,863917
9,19,64297
9,20,64985
9,21,180469
9,22,39910
9,23,130960
9,24,40358
9,25,76283
9,26,166003
9,27,63327
9,28,64441
9,29,45625
9,30,187
9,31,159
9,32,37141
9,33,676
9,34,134
9,35,2768
9,36,10747
9,37,4366
9,38,798
9,39,1144
9,40,14
9,42,342
9,43,1791
9,44,13
9,45,4599
9,46,1856
9,47,1681
9,48,487
9,49,155
9,50,347
9,51,54
9,52,284
9,53,549
9,54,8
9,55,2538
9,56,4633
9,57,19
9,58,4296
9,59,1228
9,60,1957
9,61,2534
9,62,3584
9,64,96865
9,65,1576
9,66,2425
9,67,3647
9,68,275
9,69,5
9,70,22
9,71,30
9,72,1224
9,73,35
9,74,365
9,75,324
9,76,845
9,77,3
9,78,144
9,79,180
9,80,21
9,81,158
9,82,1957
9,83,1839
9,84,416
9,85,1
9,86,176
9,87,110
9,88,341
9,89,19
9,90,10
9,91,11
9,92,1
9,93,2120
9,94,4143
9,95,339
9,96,390
9,97,372
9,98,57
9,99,55
9,100,311
9,101,3
9,102,36
9,103,611
9,104,227
9,105,103
9,107,1152
9,108,180
9,109,1483
9,110,1516
9,111,57
9,112,79
9,114,5
9,115,115
9,116,8
9,117,635
9,118,32
9,119,214
9,120,84
9,121,206
9,122,129
9,123,71
9,124,91
9,125,673
9,127,9
9,128,69
9,130,67
9,132,1
9,133,65
9,134,355
9,135,16
9,136,55
9,137,78
9,139,25
9,140,15
9,141,89
9,142,16
9,143,46
9,144,7
9,145,130
9,146,27
9,148,239
9,149,318
9,150,17662
9,151,12847
9,152,36
9,153,7
9,154,43
9,155,69
9,158,118
9,159,13
9,160,966
9,161,19
9,162,44
9,163,17
9,164,29
9,165,182
9,166,100
9,167,71
9,168,10
9,169,65
9,170,501
9,171,107
9,172,11
9,173,7
9,174,8
9,175,35
9,176,47
9,177,39
9,180,2
9,181,508
9,182,36
9,183,2475
9,184,14
9,185,75
9,188,56
9,190,127
9,191,5
9,192,61
9,193,28
9,194,7
9,195,4
9,196,5
9,197,38
9,198,3
9,199,1
9,200,20
9,202,213
9,203,24
9,204,55
9,205,1
9,206,24
9,207,39
9,208,462
9,209,1
9,210,6
9,211,19
9,212,6
9,213,23
9,214,4
9,215,651
9,216,21
9,217,9
9,218,29
9,219,1
9,220,4
9,221,16
9,222,25
9,223,5
9,224,18
9,226,6
9,228,6
9,229,16
9,230,18
9,231,32
9,232,370
9,233,195
9,236,20
9,237,5
9,238,4
9,239,10
9,240,119
9,241,19
9,242,12
9,244,53
9,246,18
9,247,23
9,248,31
9,249,6
9,250,10
9,251,5
9,252,3
9,253,2
9,254,9
9,255,2
9,256,8
9,257,8
9,258,5
9,259,4
9,260,29
9,261,13
9,262,2
9,263,2
9,265,28
9,266,41
9,267,67
9,268,67
9,269,1
9,271,4
9,272,7
9,273,30
9,277,6
9,279,6
9,280,5
9,281,4
9,282,19
9,283,8
9,286,4
9,287,1
9,288,1
9,289,1
9,290,6
9,291,2
9,292,2
9,293,93
9,294,9
9,295,7
9,296,22
9,297,5
9,299,2
9,301,1
9,302,9
9,303,1
9,304,7
9,306,1
9,307,4
9,308,32
9,310,144
9,313,2
9,314,1
9,315,345
9,317,1
9,319,2
9,320,1
9,322,1
9,323,2
9,325,2
9,326,3
9,327,8
9,328,10
9,329,1
9,332,15
9,333,4
9,334,1
9,337,3
9,338,8
9,339,2
9,342,1
9,343,5
9,345,2
9,347,62
9,351,2
9,352,1
9,354,3
9,355,1
9,357,2
9,358,4
9,359,1
9,363,109
9,371,2
9,372,1
9,378,2
9,379,22
9,383,6
9,384,4
9,385,1
9,394,50
9,398,28
9,401,2
9,406,1
9,407,8
9,410,1
9,411,1
9,415,1
9,419,7
9,425,1
9,431,1
9,433,19
9,435,1
9,442,1
9,446,2
9,447,1
9,470,1
9,475,12
9,478,1
9,481,103
9,484,58
9,494,3
9,497,1
9,502,3
9,504,2
9,505,1
9,523,2
9,528,1
9,531,1
9,535,1
9,537,1
9,538,769
9,540,1
9,542,23
9,548,15
9,549,6
9,551,3
9,552,2
9,556,8
9,557,1
9,561,1
9,567,1
9,569,2
9,571,1
9,604,1
9,611,1
9,612,1
9,614,1
9,616,2
9,617,3
9,633,1
9,636,1
9,644,2
9,648,1
9,667,1
9,689,1
9,692,2
9,693,1
9,697,1
9,711,2
9,718,1
9,722,1
9,729,1
9,738,1
9,739,1
10,0,159
10,1,333698
10,2,1058685
10,3,1516477
10,4,7998
10,5,21167
10,6,149938
10,7,307659
10,8,270182
10,9,1021626
10,10,37089
10,11,196678
10,12,1319060
10,13,248485
10,14,529312
10,15,689767
10,16,187
10,17,30514
10,18,907208
10,19,66573
10,20,80725
10,21,231077
10,22,39471
10,23,140434
10,24,49227
10,25,89225
10,26,175349
10,27,66919
10,28,68257
10,29,55335
10,30,272
10,31,181
10,32,37070
10,33,215
10,34,148
10,35,2796
10,36,12942
10,37,5106
10,38,48
10,39,1052
10,40,4
10,41,1
10,42,154
10,43,1555
10,44,43
10,45,4371
10,46,2143
10,47,7321
10,48,482
10,49,118
10,50,437
10,51,80
10,52,437
10,53,309
10,54,16
10,55,3070
10,56,5840
10,57,31
10,58,6545
10,59,369
10,60,2339
10,61,1728
10,62,3690
10,64,104297
10,65,2039
10,66,1112
10,67,3066
10,68,798
10,69,26
10,70,24
10,71,52
10,72,1484
10,73,79
10,74,357
10,75,454
10,76,220
10,77,1
10,78,147
10,79,174
10,80,28
10,81,186
10,82,2017
10,83,1968
10,84,480
10,85,87
10,86,272
10,87,126
10,88,608
10,89,19
10,90,1
10,91,13
10,92,829
10,93,2603
10,94,5279
10,95,600
10,96,404
10,97,258
10,98,38
10,99,143
10,100,354
10,102,24
10,103,665
10,104,199
10,105,99
10,107,1212
10,108,206
10,109,1207
10,110,1955
10,111,82
10,112,76
10,114,10
10,115,156
10,116,1
10,117,568
10,118,60
10,119,112
10,120,100
10,121,255
10,122,171
10,123,66
10,124,69
10,125,1079
10,126,2
10,127,17
10,128,67
10,130,73
10,132,3
10,133,10
10,134,401
10,135,14
10,136,84
10,137,174
10,139,50
10,140,24
10,141,74
10,142,1
10,143,32
10,144,6
10,145,202
10,146,44
10,148,225
10,149,12
10,150,3201
10,151,14980
10,152,34
10,153,11
10,154,30
10,155,84
10,158,133
10,159,20
10,160,1095
10,161,39
10,162,35
10,163,18
10,164,25
10,165,167
10,166,81
10,167,53
10,168,24
10,169,31
10,170,467
10,171,113
10,172,27
10,173,3
10,174,9
10,175,65
10,176,71
10,177,27
10,180,12
10,181,475
10,182,43
10,183,3701
10,184,18
10,185,98
10,188,69
10,190,115
10,191,2
10,192,49
10,193,19
10,194,2
10,195,13
10,196,3
10,197,32
10,198,1
10,200,35
10,202,258
10,203,18
10,204,68
10,205,1
10,206,28
10,207,28
10,208,177
10,210,31
10,211,25
10,212,5
10,213,18
10,214,7
10,215,597
10,216,21
10,217,4
10,218,37
10,219,3
10,220,2
10,221,37
10,222,22
10,223,23
10,224,14
10,226,15
10,228,11
10,229,8
10,230,19
10,231,89
10,232,910
10,233,10
10,234,7
10,235,8
10,236,32
10,237,9
10,238,3
10,239,10
10,240,247
10,241,19
10,242,9
10,244,41
10,246,11
10,247,21
10,248,31
10,249,6
10,250,19
10,251,18
10,252,2
10,254,2
10,255,2
10,256,15
10,257,13
10,258,25
10,259,3
10,260,33
10,261,23
10,262,2
10,263,2
10,264,12
10,265,35
10,266,276
10,267,177
10,268,157
10,269,9
10,271,17
10,272,3
10,273,77
10,277,8
10,279,1
10,280,4
10,281,5
10,282,63
10,283,17
10,286,6
10,288,2
10,289,2
10,290,6
10,291,2
10,292,13
10,293,64
10,294,8
10,295,4
10,296,20
10,297,4
10,299,3
10,302,23
10,303,5
10,304,15
10,305,1
10,306,1
10,308,1
10,310,146
10,312,1
10,313,2
10,315,445
10,316,1
10,317,1
10,319,2
10,320,2
10,322,3
10,324,1
10,325,12
10,326,1
10,327,21
10,328,8
10,329,2
10,332,14
10,333,5
10,334,1
10,336,1
10,337,2
10,340,1
10,342,22
10,343,5
10,344,1
10,345,1
10,346,1
10,347,160
10,349,2
10,350,2
10,352,2
10,353,1
10,355,4
10,358,2
10,360,2
10,362,1
10,363,256
10,366,1
10,367,3
10,371,1
10,372,1
10,373,2
10,378,2
10,379,35
10,384,7
10,385,4
10,386,10
10,394,2
10,397,5
10,398,75
10,400,1
10,401,5
10,407,22
10,411,2
10,419,6
10,423,1
10,425,2
10,429,4
10,431,4
10,433,27
10,443,3
10,446,3
10,447,2
10,448,2
10,455,1
10,463,1
10,466,1
10,470,2
10,475,12
10,478,2
10,481,110
10,484,1
10,486,12
10,489,4
10,491,1
10,493,1
10,501,1
10,503,1
10,504,6
10,512,3
10,537,2
10,538,598
10,540,3
10,542,69
10,546,10
10,547,8
10,548,91
10,549,2
10,551,10
10,553,2
10,556,13
10,557,2
10,561,1
10,565,1
10,567,1
10,577,1
10,581,2
10,593,1
10,595,1
10,604,30
10,614,2
10,617,6
10,649,1
10,674,1
10,676,1
10,679,1
10,683,1
10,684,1
10,686,2
10,687,1
10,691,1
10,694,1
10,696,2
10,711,1
10,734,31
10,753,2
10,757,8
10,759,1
11,0,342
11,1,332511
11,2,988897
11,3,1643561
11,4,9010
11,5,21434
11,6,153342
11,7,151070
11,8,187626
11,9,1068870
11,10,37147
11,11,195639
11,12,1320327
11,13,246591
11,14,525043
11,15,716992
11,16,204
11,17,33068
11,18,914233
11,19,62451
11,20,92562
11,21,222180
11,22,37080
11,23,138743
11,24,63121
11,25,99816
11,26,175462
11,27,66240
11,28,67643
11,29,58136
11,30,331
11,31,159
11,32,28425
11,33,690
11,34,152
11,35,3525
11,36,13140
11,37,5430
11,38,209
11,39,1219
11,40,6
11,42,352
11,43,1417
11,44,34
11,45,4034
11,46,3131
11,47,23418
11,48,407
11,49,223
11,50,510
11,51,102
11,52,474
11,53,28
11,54,33
11,55,3688
11,56,7125
11,57,45
11,58,6597
11,59,25
11,60,2162
11,61,1107
11,62,3479
11,64,96875
11,65,2209
11,66,1182
11,67,36
11,68,1477
11,69,45
11,70,34
11,71,46
11,72,2068
11,73,177
11,74,358
11,75,625
11,76,36
11,77,2
11,78,200
11,79,240
11,80,31
11,81,293
11,82,1861
11,83,2061
11,84,469
11,85,194
11,86,358
11,87,105
11,88,919
11,89,54
11,90,142
11,91,546
11,92,1378
11,93,3298
11,94,6469
11,95,1196
11,96,319
11,97,13
11,98,38
11,99,305
11,100,586
11,102,27
11,103,649
11,104,224
11,105,72
11,107,1466
11,108,256
11,109,1569
11,110,2464
11,111,74
11,112,86
11,114,15
11,115,269
11,116,3
11,117,860
11,118,54
11,119,16
11,120,111
11,121,241
11,122,221
11,123,66
11,124,71
11,125,2175
11,126,7
11,127,21
11,128,93
11,130,91
11,132,14
11,133,6
11,134,691
11,135,15
11,136,148
11,137,286
11,139,49
11,140,22
11,141,83
11,142,5
11,143,38
11,144,36
11,145,261
11,146,75
11,148,253
11,149,8
11,150,1338
11,151,16335
11,152,37
11,153,12
11,154,32
11,155,99
11,158,127
11,159,21
11,160,1320
11,161,33
11,162,59
11,163,12
11,164,35
11,165,125
11,166,109
11,167,78
11,168,44
11,169,3
11,170,465
11,171,126
11,172,17
11,173,6
11,174,6
11,175,31
11,176,50
11,177,110
11,180,14
11,181,446
11,182,43
11,183,3537
11,184,6
11,185,3
11,186,13
11,188,77
11,189,1
11,190,129
11,191,6
11,192,84
11,193,24
11,194,12
11,195,7
11,196,10
11,197,25
11,198,5
11,199,17
11,200,70
11,202,259
11,203,19
11,204,83
11,205,2
11,206,24
11,207,38
11,208,105
11,210,53
11,211,57
11,212,4
11,213,27
11,214,8
11,215,770
11,216,28
11,217,1
11,218,30
11,219,7
11,220,7
11,221,6
11,222,16
11,223,22
11,224,16
11,226,17
11,227,1
11,228,4
11,229,11
11,230,32
11,231,36
11,232,1229
11,233,80
11,234,3
11,235,35
11,236,32
11,237,13
11,238,1
11,239,19
11,240,130
11,241,15
11,242,7
11,244,55
11,246,11
11,247,30
11,249,24
11,250,15
11,251,22
11,252,1
11,253,2
11,254,5
11,255,1
11,256,7
11,257,21
11,258,6
11,259,4
11,260,42
11,261,27
11,262,4
11,263,3
11,264,85
11,265,40
11,266,541
11,267,149
11,268,178
11,269,12
11,271,29
11,272,9
11,273,299
11,276,3
11,277,7
11,278,2
11,279,6
11,280,6
11,281,5
11,282,139
11,283,16
11,284,8
11,285,3
11,286,11
11,288,3
11,289,2
11,290,9
11,291,4
11,292,4
11,293,137
11,294,14
11,295,5
11,296,57
11,297,1
11,299,5
11,301,3
11,302,45
11,303,4
11,304,14
11,305,1
11,310,98
11,312,3
11,313,3
11,314,5
11,315,227
11,317,1
11,318,1
11,319,10
11,320,2
11,322,10
11,323,1
11,325,14
11,326,5
11,327,13
11,328,4
11,329,8
11,330,20
11,332,8
11,333,2
11,337,2
11,338,1
11,342,8
11,343,6
11,345,1
11,347,125
11,349,2
11,354,4
11,355,2
11,358,2
11,362,1
11,363,450
11,368,2
11,372,1
11,373,1
11,375,1
11,376,1
11,379,4
11,381,1
11,384,4
11,385,3
11,386,2
11,391,1
11,392,1
11,394,4
11,398,73
11,399,1
11,401,4
11,404,1
11,407,24
11,411,1
11,417,1
11,419,2
11,425,75
11,431,1
11,432,2
11,433,19
11,435,113
11,438,1
11,443,2
11,446,4
11,448,1
11,458,1
11,470,6
11,475,12
11,481,116
11,484,1
11,496,1
11,497,1
11,501,1
11,504,2
11,508,2
11,519,1
11,537,3
11,538,124
11,542,17
11,544,1
11,545,1
11,546,1
11,547,6
11,548,147
11,549,5
11,551,10
11,553,1
11,555,1
11,558,1
11,566,1
11,567,1
11,569,2
11,575,4
11,580,1
11,586,1
11,593,2
11,595,2
11,597,1
11,605,1
11,610,1
11,612,1
11,617,3
11,618,3
11,623,1
11,624,2
11,647,1
11,653,1
11,662,4
11,666,1
11,690,1
11,698,1
11,714,1
11,715,1
11,728,1
11,743,31
12,0,275
12,1,329788
12,2,986526
12,3,1662739
12,4,9217
12,5,21421
12,6,158250
12,7,81007
12,8,163721
12,9,1055600
12,10,37360
12,11,190623
12,12,1334664
12,13,251204
12,14,533650
12,15,763143
12,16,262
12,17,32754
12,18,860718
12,19,67425
12,20,100323
12,21,218041
12,22,31470
12,23,137990
12,24,72223
12,25,103056
12,26,174493
12,27,66494
12,28,67297
12,29,54079
12,30,310
12,31,29
12,32,18733
12,33,3051
12,34,174
12,35,4244
12,36,10996
12,37,5779
12,38,2434
12,39,1105
12,40,7
12,42,562
12,43,988
12,44,1904
12,45,4350
12,46,3312
12,47,23175
12,48,331
12,49,447
12,50,515
12,51,156
12,52,492
12,53,18
12,54,38
12,55,3494
12,56,7813
12,57,26
12,58,6793
12,59,16
12,60,1905
12,61,816
12,62,2413
12,64,94538
12,65,2164
12,66,2335
12,67,562
12,68,1604
12,69,135
12,70,21
12,71,39
12,72,2715
12,73,161
12,74,665
12,75,1609
12,76,13
12,77,2
12,78,290
12,79,255
12,80,30
12,81,350
12,82,1952
12,83,1783
12,84,455
12,85,331
12,86,466
12,87,98
12,88,996
12,89,112
12,90,173
12,91,585
12,92,1082
12,93,3539
12,94,7023
12,95,1277
12,96,255
12,97,13
12,98,59
12,99,289
12,100,1011
12,102,48
12,103,663
12,104,434
12,105,94
12,107,1549
12,108,307
12,109,1460
12,110,2470
12,111,75
12,112,92
12,114,14
12,115,236
12,116,3
12,117,923
12,118,55
12,119,14
12,120,104
12,121,253
12,122,278
12,123,54
12,124,46
12,125,1899
12,126,5
12,127,17
12,128,93
12,130,76
12,132,6
12,133,5
12,134,648
12,135,21
12,136,168
12,137,339
12,138,2
12,139,62
12,140,17
12,141,60
12,143,53
12,144,7
12,145,211
12,146,969
12,148,252
12,149,7
12,150,1272
12,151,15453
12,152,58
12,153,20
12,154,29
12,155,126
12,158,122
12,159,30
12,160,1271
12,161,41
12,162,46
12,163,18
12,164,38
12,165,251
12,166,122
12,167,91
12,168,55
12,169,4
12,170,479
12,171,85
12,172,25
12,173,12
12,174,6
12,175,43
12,176,87
12,177,94
12,179,6
12,180,13
12,181,438
12,182,34
12,183,4110
12,184,9
12,185,31
12,186,122
12,188,234
12,189,4
12,190,130
12,191,4
12,192,46
12,193,29
12,194,99
12,195,9
12,196,9
12,197,50
12,198,17
12,199,35
12,200,43
12,202,303
12,203,12
12,204,63
12,205,3
12,206,21
12,207,46
12,208,137
12,210,40
12,211,60
12,212,10
12,213,28
12,214,9
12,215,764
12,216,25
12,217,4
12,218,53
12,219,5
12,220,9
12,221,1
12,222,16
12,223,11
12,224,10
12,225,1
12,226,21
12,227,5
12,228,11
12,229,6
12,230,46
12,231,7
12,232,1270
12,233,362
12,234,10
12,235,63
12,236,34
12,237,16
12,238,5
12,239,23
12,240,70
12,241,33
12,242,10
12,244,63
12,245,1
12,246,25
12,247,23
12,248,31
12,249,34
12,250,18
12,251,59
12,252,5
12,253,1
12,254,33
12,255,4
12,256,8
12,257,20
12,258,18
12,259,5
12,260,12
12,261,36
12,262,4
12,263,1
12,264,6
12,265,48
12,266,181
12,267,150
12,268,113
12,269,14
12,271,62
12,272,4
12,273,133
12,276,2
12,277,14
12,278,34
12,279,11
12,280,9
12,281,4
12,282,648
12,283,21
12,284,4
12,286,28
12,288,3
12,289,53
12,290,8
12,291,15
12,292,9
12,293,31
12,294,9
12,295,13
12,296,11
12,297,13
12,301,5
12,302,74
12,303,337
12,304,8
12,306,1
12,307,1
12,310,119
12,312,2
12,313,4
12,314,7
12,315,140
12,317,2
12,319,5
12,320,35
12,322,12
12,323,4
12,324,11
12,325,25
12,326,10
12,327,3
12,328,4
12,329,3
12,332,18
12,333,8
12,340,1
12,343,3
12,345,1
12,346,5
12,347,76
12,348,2
12,349,3
12,351,1
12,352,4
12,353,5
12,355,1
12,358,2
12,362,1
12,363,653
12,367,2
12,372,1
12,373,1
12,378,3
12,379,5
12,380,17
12,381,2
12,383,1
12,384,8
12,385,1
12,386,6
12,389,1
12,390,3
12,395,2
12,397,1
12,398,40
12,401,17
12,406,1
12,407,57
12,415,1
12,418,1
12,419,8
12,420,1
12,424,2
12,425,452
12,429,4
12,431,1
12,432,4
12,433,13
12,443,2
12,446,3
12,469,3
12,470,2
12,473,2
12,475,6
12,478,2
12,481,150
12,484,4
12,491,1
12,497,1
12,502,7
12,504,11
12,508,1
12,512,297
12,517,1
12,519,1
12,521,1
12,538,15
12,539,1
12,542,43
12,546,4
12,547,4
12,548,87
12,549,11
12,550,4
12,551,5
12,556,5
12,557,3
12,561,1
12,567,2
12,568,1
12,569,1
12,575,16
12,578,1
12,579,2
12,583,2
12,587,1
12,589,1
12,591,1
12,592,1
12,593,4
12,594,2
12,598,1
12,599,1
12,602,1
12,603,1
12,610,2
12,614,3
12,617,2
12,619,2
12,628,7
12,634,1
12,635,1
12,657,1
12,661,1
12,704,1
12,713,1
12,718,31
12,752,1
12,765,1
12,767,1
13,0,255
13,1,339812
13,2,1056782
13,3,1779723
13,4,9974
13,5,23180
13,6,163168
13,7,85496
13,8,136124
13,9,1037735
13,10,40042
13,11,203588
13,12,1383388
13,13,269924
13,14,576613
13,15,850658
13,16,288
13,17,36292
13,18,917902
13,19,70118
13,20,101958
13,21,211267
13,22,33397
13,23,148292
13,24,71135
13,25,107829
13,26,186151
13,27,70932
13,28,71988
13,29,54411
13,30,198
13,31,4
13,32,15021
13,33,3930
13,34,207
13,35,3968
13,36,8738
13,37,2093
13,38,3243
13,39,898
13,40,10
13,42,711
13,43,1274
13,44,6252
13,45,3975
13,46,3272
13,47,12332
13,48,239
13,49,344
13,50,430
13,51,140
13,52,547
13,53,13
13,54,718
13,55,3314
13,56,8753
13,57,62
13,58,7012
13,59,25
13,60,1532
13,61,877
13,62,1956
13,64,96455
13,65,2068
13,66,1542
13,67,5
13,68,2187
13,69,121
13,70,261
13,71,34
13,72,3004
13,73,202
13,74,433
13,75,1844
13,76,12
13,77,2
13,78,246
13,79,309
13,80,23
13,81,422
13,82,2292
13,83,1861
13,84,496
13,85,524
13,86,600
13,87,114
13,88,1944
13,89,6
13,90,126
13,91,26
13,92,776
13,93,4015
13,94,7875
13,95,1545
13,96,173
13,97,1
13,98,41
13,99,289
13,100,822
13,102,24
13,103,833
13,104,432
13,105,118
13,106,4
13,107,1455
13,108,345
13,109,1663
13,110,1194
13,111,74
13,112,110
13,114,6
13,115,216
13,116,2
13,117,555
13,118,84
13,119,6
13,120,139
13,121,258
13,122,428
13,123,65
13,124,70
13,125,740
13,126,6
13,127,24
13,128,104
13,130,107
13,132,11
13,133,4
13,134,574
13,135,15
13,136,237
13,137,239
13,139,62
13,140,42
13,141,58
13,143,50
13,144,3
13,145,292
13,146,1017
13,148,238
13,149,13
13,150,1174
13,151,14246
13,152,55
13,153,16
13,154,23
13,155,165
13,158,137
13,159,24
13,160,1310
13,161,37
13,162,77
13,163,11
13,164,28
13,165,553
13,166,111
13,167,98
13,168,43
13,170,415
13,171,46
13,172,24
13,173,6
13,174,1
13,175,67
13,176,96
13,177,77
13,179,9
13,180,17
13,181,194
13,182,44
13,183,3912
13,184,6
13,185,55
13,186,10
13,188,117
13,189,1
13,190,140
13,191,3
13,192,172
13,193,37
13,194,112
13,195,16
13,196,2
13,197,32
13,198,14
13,199,61
13,200,22
13,202,295
13,203,19
13,204,65
13,205,4
13,206,22
13,207,46
13,208,164
13,210,58
13,211,178
13,212,14
13,213,14
13,214,25
13,215,868
13,216,29
13,217,6
13,218,50
13,219,7
13,220,6
13,222,21
13,223,16
13,224,10
13,226,19
13,227,3
13,228,19
13,229,18
13,230,16
13,231,1
13,232,913
13,233,494
13,234,2
13,235,10
13,236,37
13,237,10
13,238,7
13,239,22
13,240,167
13,241,20
13,242,6
13,244,91
13,245,7
13,246,29
13,247,11
13,248,93
13,249,30
13,250,20
13,251,43
13,252,3
13,253,6
13,254,14
13,255,3
13,256,10
13,257,18
13,258,18
13,259,3
13,260,16
13,261,36
13,263,1
13,264,5
13,265,31
13,266,561
13,267,145
13,268,6
13,269,14
13,271,10
13,272,9
13,273,206
13,276,1
13,277,12
13,278,20
13,279,9
13,280,9
13,281,4
13,282,195
13,283,24
13,284,3
13,286,23
13,288,3
13,289,49
13,290,7
13,291,12
13,292,3
13,293,31
13,294,8
13,295,10
13,296,40
13,297,9
13,299,1
13,300,1
13,301,10
13,302,49
13,303,480
13,304,10
13,305,2
13,308,2
13,310,109
13,312,1
13,313,3
13,314,9
13,315,125
13,316,1
13,317,1
13,319,4
13,322,6
13,324,11
13,325,18
13,326,11
13,327,4
13,328,8
13,329,6
13,332,18
13,333,3
13,334,2
13,337,3
13,340,1
13,343,4
13,344,1
13,345,5
13,346,3
13,347,99
13,349,7
13,350,1
13,351,3
13,352,1
13,353,2
13,358,1
13,362,1
13,363,833
13,364,1
13,365,114
13,367,3
13,372,2
13,376,1
13,378,1
13,380,20
13,381,19
13,383,4
13,384,4
13,385,7
13,386,9
13,390,3
13,394,2
13,395,1
13,397,1
13,398,65
13,401,1009
13,402,2
13,407,32
13,412,1
13,419,5
13,425,618
13,429,2
13,433,2
13,443,2
13,446,7
13,447,2
13,448,1
13,469,1
13,470,4
13,473,1
13,474,31
13,481,162
13,484,1
13,497,1
13,502,1
13,504,3
13,512,354
13,518,1
13,519,1
13,530,1
13,532,2
13,538,2
13,540,1
13,542,99
13,543,1
13,545,1
13,546,4
13,547,3
13,548,94
13,549,3
13,551,6
13,556,64
13,557,1
13,559,2
13,561,1
13,562,1
13,566,1
13,569,1
13,572,1
13,575,4
13,585,1
13,590,1
13,601,1
13,607,1
13,616,1
13,622,1
13,624,1
13,633,1
13,641,1
13,656,1
13,664,1
13,668,1
13,669,1
13,672,151
13,683,3
13,701,1
13,705,1
13,724,2
13,727,1
13,743,31
13,744,1
13,746,3
13,747,1
13,749,1
13,751,1
13,764,1
14,0,266
14,1,319891
14,2,1153581
14,3,1748369
14,4,10847
14,5,23938
14,6,140761
14,7,90234
14,8,115991
14,9,981063
14,10,40813
14,11,210156
14,12,1341012
14,13,264209
14,14,588610
14,15,917395
14,16,354
14,17,68435
14,18,949497
14,19,47993
14,20,113710
14,21,189169
14,22,34791
14,23,151493
14,24,81450
14,25,82133
14,26,188653
14,27,71854
14,28,74285
14,29,40670
14,30,3
14,31,1
14,32,15303
14,33,4832
14,34,251
14,35,3079
14,36,8345
14,37,2978
14,38,2802
14,39,614
14,40,2
14,42,859
14,43,759
14,44,4340
14,45,3303
14,46,2891
14,47,4500
14,48,188
14,49,316
14,50,386
14,51,174
14,52,549
14,53,21
14,54,1684
14,55,3972
14,56,9182
14,57,23
14,58,6384
14,59,11
14,60,1788
14,61,884
14,62,1203
14,64,91227
14,65,1842
14,66,1145
14,67,21
14,68,1585
14,69,116
14,70,577
14,71,32
14,72,2350
14,73,392
14,74,401
14,75,893
14,76,9
14,78,384
14,79,338
14,80,20
14,81,431
14,82,2422
14,83,1094
14,84,539
14,85,776
14,86,588
14,87,63
14,88,1660
14,89,1
14,90,43
14,91,7
14,92,248
14,93,4139
14,94,8392
14,95,1517
14,96,152
14,97,3
14,98,39
14,99,239
14,100,508
14,101,1
14,102,60
14,103,750
14,104,401
14,105,121
14,107,1289
14,108,412
14,109,761
14,110,188
14,111,53
14,112,59
14,114,5
14,115,311
14,116,7
14,117,372
14,118,111
14,119,5
14,120,86
14,121,230
14,122,521
14,123,22
14,124,68
14,125,365
14,126,15
14,127,21
14,128,129
14,130,121
14,132,5
14,133,1
14,134,371
14,135,7
14,136,240
14,137,255
14,139,51
14,140,19
14,141,85
14,142,2
14,143,56
14,144,3
14,145,380
14,146,646
14,148,213
14,149,7
14,150,1282
14,151,8605
14,152,54
14,153,3
14,154,46
14,155,143
14,158,179
14,159,25
14,160,1484
14,161,33
14,162,102
14,163,23
14,164,24
14,165,329
14,166,65
14,167,123
14,168,20
14,169,1
14,170,302
14,171,49
14,172,27
14,173,13
14,175,76
14,176,83
14,177,80
14,179,2
14,180,5
14,181,301
14,182,45
14,183,2873
14,184,1
14,185,207
14,186,3
14,188,118
14,190,114
14,192,86
14,193,27
14,194,77
14,195,6
14,196,3
14,197,63
14,198,6
14,199,34
14,200,15
14,201,2
14,202,297
14,203,8
14,204,57
14,206,32
14,207,50
14,208,433
14,210,47
14,211,18
14,212,2
14,213,14
14,214,120
14,215,721
14,216,20
14,217,3
14,218,27
14,219,6
14,220,5
14,222,16
14,223,10
14,224,2
14,225,1
14,226,7
14,228,25
14,229,19
14,230,17
14,231,4
14,232,793
14,233,292
14,234,3
14,235,13
14,236,39
14,237,19
14,238,1
14,239,31
14,240,230
14,241,45
14,242,18
14,244,155
14,245,9
14,246,18
14,247,21
14,249,16
14,250,27
14,251,52
14,252,3
14,253,1
14,254,7
14,256,7
14,257,7
14,258,23
14,259,3
14,260,4
14,261,46
14,262,3
14,263,2
14,264,9
14,265,57
14,266,480
14,267,195
14,268,3
14,269,32
14,271,2
14,272,2
14,273,211
14,275,2
14,276,1
14,277,15
14,278,34
14,279,2
14,280,11
14,281,7
14,282,27
14,283,17
14,284,14
14,286,17
14,289,28
14,290,6
14,291,4
14,292,21
14,294,3
14,295,6
14,296,2
14,301,5
14,302,52
14,303,454
14,304,23
14,306,2
14,308,5
14,310,39
14,312,3
14,313,5
14,314,5
14,315,109
14,316,2
14,319,4
14,320,5
14,322,6
14,324,14
14,325,10
14,326,6
14,328,11
14,329,2
14,330,17
14,332,11
14,333,11
14,334,1
14,338,2
14,340,1
14,343,1
14,344,3
14,345,3
14,346,6
14,347,204
14,349,2
14,353,2
14,355,1
14,356,2
14,358,1
14,359,2
14,360,7
14,363,658
14,365,144
14,366,1
14,372,3
14,373,1
14,379,9
14,380,1
14,381,127
14,384,4
14,385,2
14,386,3
14,390,2
14,398,9
14,401,155
14,407,46
14,412,1
14,417,3
14,419,2
14,420,1
14,425,404
14,431,6
14,432,2
14,433,1
14,437,2
14,446,2
14,469,2
14,470,3
14,471,1
14,475,6
14,481,178
14,486,7
14,489,5
14,493,2
14,495,1
14,497,1
14,502,2
14,504,2
14,512,301
14,523,1
14,529,1
14,538,2
14,542,73
14,546,6
14,547,3
14,548,20
14,549,3
14,551,19
14,552,1
14,553,2
14,556,3
14,559,1
14,561,1
14,565,2
14,569,1
14,575,4
14,593,2
14,609,2
14,610,1
14,618,1
14,634,1
14,663,1
14,665,1
14,672,45
14,731,1
14,741,1
14,750,1
15,0,342
15,1,275564
15,2,1137423
15,3,1460811
15,4,10025
15,5,19180
15,6,106059
15,7,78403
15,8,107561
15,9,908566
15,10,32519
15,11,175401
15,12,1293919
15,13,217934
15,14,478896
15,15,870809
15,16,282
15,17,105148
15,18,802998
15,19,32667
15,20,138820
15,21,169142
15,22,28327
15,23,123750
15,24,112178
15,25,54260
15,26,150463
15,27,58607
15,28,60168
15,29,27964
15,32,8978
15,33,3252
15,34,273
15,35,2343
15,36,7468
15,37,1454
15,38,1866
15,39,432
15,40,5
15,42,277
15,43,433
15,44,1852
15,45,2885
15,46,1595
15,47,3651
15,48,95
15,49,266
15,50,217
15,51,139
15,52,608
15,53,7
15,54,844
15,55,3365
15,56,6884
15,57,15
15,58,5191
15,59,8
15,60,1915
15,61,725
15,62,47
15,64,80957
15,65,1598
15,66,856
15,67,2
15,68,1136
15,69,96
15,70,430
15,71,38
15,72,1386
15,73,248
15,74,645
15,75,108
15,76,8
15,78,334
15,79,339
15,80,8
15,81,259
15,82,2158
15,83,878
15,84,362
15,85,644
15,86,583
15,87,25
15,88,1647
15,90,2
15,91,4
15,92,95
15,93,3135
15,94,6206
15,95,1020
15,96,82
15,98,59
15,99,158
15,100,217
15,102,47
15,103,874
15,104,328
15,105,123
15,107,926
15,108,468
15,109,688
15,110,94
15,111,23
15,112,9
15,114,6
15,115,207
15,116,3
15,117,223
15,118,82
15,119,3
15,120,97
15,121,156
15,122,492
15,123,6
15,124,42
15,125,278
15,126,6
15,127,18
15,128,153
15,130,91
15,132,11
15,134,368
15,135,16
15,136,234
15,137,207
15,139,52
15,140,4
15,141,62
15,143,61
15,145,129
15,146,62
15,148,146
15,149,1
15,150,1480
15,151,6691
15,152,38
15,154,37
15,155,148
15,158,183
15,159,10
15,160,1278
15,161,20
15,162,85
15,163,13
15,164,1
15,165,220
15,166,60
15,167,105
15,168,26
15,170,253
15,171,37
15,172,22
15,173,12
15,174,2
15,175,72
15,176,62
15,177,51
15,179,4
15,180,6
15,181,434
15,182,34
15,183,2177
15,184,4
15,185,68
15,186,32
15,188,105
15,190,90
15,191,1
15,192,145
15,193,26
15,194,70
15,195,10
15,197,44
15,198,11
15,199,26
15,200,6
15,201,2
15,202,297
15,203,17
15,204,27
15,206,63
15,207,32
15,208,99
15,209,3
15,210,32
15,211,11
15,213,10
15,214,55
15,215,518
15,216,31
15,217,2
15,218,33
15,219,2
15,222,6
15,223,2
15,224,18
15,226,3
15,228,9
15,229,12
15,230,8
15,232,372
15,233,304
15,235,1
15,236,18
15,237,8
15,238,3
15,239,30
15,240,98
15,241,28
15,242,8
15,244,96
15,245,8
15,246,25
15,247,17
15,248,31
15,249,18
15,250,21
15,251,70
15,252,1
15,253,1
15,254,15
15,256,14
15,257,6
15,258,16
15,259,4
15,260,2
15,261,3
15,262,4
15,263,2
15,265,35
15,266,141
15,267,150
15,269,17
15,273,35
15,276,2
15,277,15
15,278,10
15,279,4
15,280,6
15,282,6
15,283,12
15,284,15
15,286,20
15,288,2
15,289,12
15,290,6
15,291,6
15,292,5
15,293,55
15,301,8
15,302,48
15,303,152
15,308,5
15,310,95
15,312,1
15,313,1
15,315,96
15,317,4
15,319,4
15,320,2
15,322,6
15,323,3
15,324,8
15,325,4
15,326,4
15,327,1
15,328,3
15,329,3
15,330,19
15,332,5
15,333,6
15,334,1
15,337,1
15,340,1
15,343,9
15,344,2
15,345,2
15,346,1
15,347,5
15,349,4
15,351,3
15,353,1
15,358,2
15,360,1
15,361,2
15,363,427
15,365,96
15,367,3
15,370,1
15,371,1
15,372,2
15,373,1
15,378,1
15,381,171
15,383,3
15,384,6
15,385,5
15,386,1
15,391,1
15,398,24
15,401,10
15,407,19
15,411,1
15,418,1
15,419,2
15,420,1
15,423,1
15,425,15
15,429,1
15,431,1
15,433,3
15,437,1
15,443,1
15,446,7
15,469,3
15,470,1
15,471,1
15,475,12
15,481,136
15,489,1
15,493,1
15,495,1
15,496,1
15,497,1
15,502,1
15,504,1
15,512,135
15,524,1
15,536,1
15,539,1
15,542,16
15,547,1
15,548,2
15,549,1
15,551,4
15,556,1
15,559,3
15,560,1
15,562,1
15,566,2
15,575,3
15,593,3
15,620,1
15,624,1
15,631,4
15,663,3
15,672,3
15,685,2
15,733,1
16,0,86
16,1,212438
16,2,897593
16,3,988889
16,4,470
16,5,8323
16,6,117868
16,7,10511
16,8,285860
16,9,732910
16,10,19093
16,11,91354
16,12,1030452
16,13,126087
16,14,260839
16,15,833732
16,16,197
16,17,36731
16,18,544517
16,19,22147
16,20,100339
16,21,178744
16,22,13299
16,23,70650
16,24,88600
16,25,93000
16,26,74008
16,27,34689
16,28,34926
16,29,10587
16,30,152
16,32,15457
16,33,913
16,34,164
16,35,2186
16,36,3832
16,37,1997
16,38,734
16,39,304
16,40,32
16,42,145
16,43,111
16,44,33
16,45,1844
16,46,708
16,47,30
16,48,53
16,49,219
16,50,115
16,51,80
16,52,374
16,53,208
16,54,12
16,55,48
16,56,163
16,57,79
16,58,1232
16,59,175
16,60,1117
16,61,18
16,62,7
16,64,91425
16,65,1094
16,66,473
16,67,14
16,68,216
16,69,2
16,70,115
16,71,10
16,72,577
16,73,25
16,74,579
16,75,101
16,76,281
16,78,291
16,79,198
16,80,1828
16,81,73
16,82,1903
16,83,532
16,84,294
16,85,235
16,86,151
16,87,56
16,88,1099
16,89,14
16,90,2
16,91,476
16,93,72
16,94,146
16,95,201
16,96,52
16,97,18
16,98,31
16,99,57
16,100,138
16,101,1
16,102,49
16,103,844
16,104,1346
16,105,52
16,107,730
16,108,199
16,109,461
16,110,286
16,111,12
16,112,37
16,114,8
16,115,211
16,117,92
16,118,286
16,119,137
16,120,62
16,121,76
16,122,282
16,123,25
16,124,25
16,125,163
16,126,4
16,127,19
16,128,112
16,130,71
16,132,14
16,133,44
16,134,241
16,136,120
16,137,27
16,139,29
16,140,8
16,141,62
16,142,18
16,143,17
16,144,6
16,145,134
16,146,20
16,148,58
16,149,49
16,150,5200
16,151,4682
16,152,16
16,153,9
16,154,41
16,155,96
16,158,51
16,159,8
16,160,18
16,161,11
16,162,50
16,163,2
16,164,4
16,165,299
16,166,39
16,167,53
16,168,7
16,169,2
16,170,94
16,171,1
16,172,13
16,173,2
16,174,2
16,175,53
16,176,19
16,177,50
16,181,300
16,182,41
16,183,1769
16,184,16
16,185,51
16,186,21
16,188,56
16,190,46
16,192,96
16,193,16
16,194,21
16,195,6
16,197,42
16,198,1
16,199,14
16,202,333
16,203,11
16,204,8
16,206,33
16,207,14
16,208,67
16,209,1
16,210,21
16,211,2
16,212,2
16,213,10
16,214,18
16,215,586
16,216,22
16,217,5
16,218,8
16,220,4
16,222,7
16,223,6
16,224,2
16,226,2
16,228,8
16,229,13
16,230,9
16,231,283
16,232,248
16,233,147
16,235,4
16,236,8
16,237,6
16,238,2
16,239,8
16,240,67
16,241,29
16,242,8
16,244,44
16,245,1
16,246,5
16,247,5
16,249,2
16,250,39
16,251,46
16,256,5
16,257,2
16,258,6
16,259,1
16,261,4
16,262,7
16,263,2
16,265,562
16,266,103
16,267,47
16,268,7
16,272,5
16,273,35
16,275,1
16,277,8
16,278,10
16,279,4
16,280,2
16,282,2
16,283,12
16,284,17
16,286,4
16,288,2
16,289,3
16,290,3
16,291,4
16,292,6
16,293,69
16,294,8
16,295,1
16,296,2
16,299,2
16,301,1
16,302,6
16,303,72
16,305,1
16,306,1
16,308,1
16,310,78
16,312,1
16,313,2
16,315,162
16,317,8
16,318,1
16,319,1
16,320,1
16,322,5
16,324,1
16,326,10
16,328,4
16,329,2
16,333,4
16,334,1
16,336,3
16,337,3
16,343,12
16,347,68
16,349,2
16,352,3
16,355,5
16,358,1
16,359,2
16,361,1
16,363,79
16,365,62
16,367,7
16,370,1
16,372,3
16,375,1
16,376,1
16,379,2
16,381,104
16,383,4
16,385,1
16,386,2
16,391,1
16,394,18
16,395,2
16,398,19
16,399,5
16,401,2
16,407,12
16,419,5
16,421,1
16,425,17
16,429,1
16,432,1
16,433,3
16,446,1
16,447,1
16,469,2
16,470,1
16,481,142
16,484,61
16,492,1
16,498,2
16,502,2
16,504,2
16,508,1
16,512,26
16,523,1
16,531,2
16,536,275
16,538,53
16,541,2
16,547,5
16,548,3
16,549,1
16,551,9
16,556,21
16,557,1
16,561,1
16,563,6
16,564,1
16,610,3
16,612,2
16,618,1
16,645,1
16,672,3
16,675,3
16,701,3
16,702,7
16,706,1
16,714,1
16,754,1
17,0,50
17,1,126038
17,2,572050
17,3,478992
17,4,530
17,5,5310
17,6,47758
17,7,6102
17,8,115466
17,9,333128
17,10,11706
17,11,56352
17,12,569034
17,13,77136
17,14,158885
17,15,512302
17,16,160
17,17,20822
17,18,330759
17,19,13635
17,20,66983
17,21,88488
17,22,8577
17,23,43922
17,24,60015
17,25,29198
17,26,46548
17,27,21548
17,28,21691
17,29,6455
17,30,85
17,32,633
17,33,420
17,34,104
17,35,1394
17,36,2889
17,37,980
17,38,313
17,39,173
17,40,20
17,42,105
17,43,44
17,44,7
17,45,1050
17,46,812
17,47,61
17,48,14
17,49,205
17,50,70
17,51,27
17,52,308
17,53,99
17,54,6
17,55,39
17,56,175
17,57,7
17,58,883
17,59,125
17,60,502
17,61,1
17,62,2
17,64,50912
17,65,589
17,66,284
17,67,2
17,68,129
17,70,42
17,71,13
17,72,232
17,73,7
17,74,493
17,75,27
17,76,157
17,78,146
17,79,109
17,80,1403
17,81,50
17,82,1160
17,83,248
17,84,153
17,85,37
17,86,98
17,88,630
17,89,3
17,91,414
17,93,80
17,94,143
17,95,122
17,96,25
17,97,35
17,98,15
17,99,10
17,100,58
17,102,24
17,103,613
17,104,676
17,105,35
17,107,293
17,108,136
17,109,366
17,110,201
17,111,2
17,112,37
17,114,25
17,115,95
17,116,1
17,117,32
17,118,81
17,119,169
17,120,28
17,121,25
17,122,206
17,123,1
17,124,23
17,125,91
17,127,5
17,128,90
17,130,53
17,132,12
17,133,63
17,134,163
17,136,67
17,137,19
17,139,17
17,140,2
17,141,35
17,143,12
17,144,1
17,145,65
17,146,9
17,148,36
17,149,50
17,150,2173
17,151,3954
17,152,13
17,153,18
17,154,16
17,155,38
17,158,33
17,159,2
17,160,8
17,161,6
17,162,35
17,163,2
17,164,1
17,165,411
17,166,39
17,167,30
17,168,2
17,169,3
17,170,101
17,171,1
17,172,6
17,173,4
17,175,19
17,176,5
17,177,16
17,181,158
17,182,25
17,183,1107
17,184,19
17,185,121
17,186,9
17,188,36
17,190,33
17,192,57
17,193,11
17,194,12
17,195,7
17,196,1
17,197,28
17,198,3
17,199,13
17,200,1
17,202,210
17,203,6
17,204,11
17,206,19
17,207,10
17,208,49
17,209,1
17,210,17
17,212,1
17,213,7
17,214,9
17,215,515
17,216,18
17,217,1
17,218,2
17,219,3
17,220,2
17,222,1
17,223,1
17,224,1
17,226,3
17,228,6
17,229,8
17,230,3
17,231,106
17,232,198
17,233,26
17,236,5
17,237,7
17,238,1
17,239,9
17,240,36
17,241,21
17,242,4
17,244,30
17,245,1
17,246,3
17,247,5
17,249,6
17,250,21
17,251,1
17,255,3
17,256,1
17,258,3
17,261,7
17,262,2
17,263,2
17,265,5
17,266,88
17,267,35
17,268,9
17,269,1
17,272,10
17,275,1
17,276,2
17,277,1
17,279,1
17,280,1
17,282,2
17,283,3
17,284,11
17,286,1
17,289,4
17,291,2
17,292,13
17,294,3
17,295,4
17,299,5
17,302,3
17,303,22
17,308,1
17,310,50
17,312,4
17,315,145
17,317,2
17,320,2
17,322,1
17,324,5
17,325,1
17,326,5
17,328,3
17,329,1
17,333,1
17,334,1
17,336,2
17,343,3
17,347,1
17,349,2
17,351,1
17,354,2
17,355,1
17,359,1
17,361,1
17,363,46
17,372,2
17,381,12
17,383,2
17,394,24
17,395,1
17,398,3
17,401,3
17,407,8
17,418,1
17,419,1
17,420,3
17,425,8
17,429,2
17,432,2
17,433,1
17,436,3
17,475,6
17,480,1
17,481,71
17,484,4
17,486,110
17,502,3
17,504,2
17,512,4
17,536,135
17,538,1
17,541,1
17,542,1
17,551,7
17,553,1
17,556,10
17,560,1
17,563,2
17,576,4
17,619,1
17,625,1
18,0,41
18,1,71339
18,2,331318
18,3,257348
18,4,275
18,5,3143
18,6,27443
18,7,2503
18,8,62537
18,9,175666
18,10,7247
18,11,33891
18,12,336357
18,13,45562
18,14,97178
18,15,308070
18,16,94
18,17,11993
18,18,199979
18,19,7837
18,20,37673
18,21,50284
18,22,5054
18,23,26360
18,24,33866
18,25,14670
18,26,27760
18,27,13091
18,28,12922
18,29,4054
18,30,51
18,31,1
18,32,382
18,33,333
18,34,76
18,35,700
18,36,2180
18,37,218
18,38,212
18,39,81
18,40,8
18,42,97
18,43,3
18,44,11
18,45,744
18,46,687
18,47,31
18,48,20
18,49,90
18,50,45
18,51,12
18,52,286
18,53,63
18,54,3
18,55,21
18,56,113
18,57,6
18,58,589
18,59,38
18,60,250
18,61,1
18,64,31822
18,65,289
18,66,167
18,67,2
18,68,144
18,70,13
18,71,2
18,72,154
18,73,2
18,74,347
18,75,4
18,76,35
18,78,21
18,79,73
18,80,64
18,81,31
18,82,859
18,83,128
18,84,105
18,85,30
18,86,76
18,87,1
18,88,302
18,89,7
18,91,249
18,93,64
18,94,101
18,95,94
18,96,16
18,97,21
18,98,8
18,99,3
18,100,46
18,102,11
18,103,355
18,104,83
18,105,16
18,107,158
18,108,77
18,109,505
18,110,180
18,111,1
18,112,28
18,114,8
18,115,36
18,117,5
18,118,34
18,119,102
18,120,15
18,121,18
18,122,135
18,124,8
18,125,49
18,127,8
18,128,68
18,130,37
18,132,7
18,133,45
18,134,241
18,136,53
18,137,5
18,139,10
18,140,5
18,141,40
18,142,1
18,143,4
18,145,39
18,146,7
18,148,34
18,149,35
18,150,717
18,151,3736
18,152,8
18,154,11
18,155,27
18,158,38
18,159,1
18,160,11
18,161,5
18,162,22
18,165,166
18,166,37
18,167,23
18,168,4
18,169,2
18,170,95
18,171,3
18,172,4
18,173,2
18,175,10
18,176,7
18,177,16
18,181,194
18,182,17
18,183,1113
18,184,20
18,185,93
18,186,9
18,188,35
18,190,13
18,192,9
18,194,17
18,195,1
18,197,15
18,199,1
18,200,1
18,202,113
18,203,5
18,204,4
18,206,14
18,207,5
18,208,29
18,210,5
18,211,1
18,212,1
18,213,4
18,214,5
18,215,460
18,216,15
18,217,1
18,218,2
18,220,4
18,223,1
18,226,1
18,228,3
18,229,8
18,230,4
18,231,63
18,232,153
18,233,15
18,236,4
18,238,1
18,239,2
18,240,76
18,241,20
18,242,2
18,244,26
18,245,3
18,246,2
18,247,6
18,249,1
18,250,5
18,251,2
18,255,2
18,256,3
18,257,1
18,258,1
18,261,8
18,262,1
18,266,38
18,267,36
18,268,7
18,272,6
18,273,1
18,278,1
18,279,1
18,280,1
18,282,1
18,283,6
18,292,1
18,293,31
18,294,3
18,295,1
18,299,1
18,302,1
18,303,12
18,310,31
18,315,92
18,320,31
18,322,1
18,326,1
18,328,1
18,329,1
18,333,1
18,334,1
18,337,1
18,347,32
18,349,2
18,352,2
18,354,4
18,355,2
18,363,32
18,365,36
18,366,1
18,372,1
18,381,3
18,383,4
18,394,16
18,395,1
18,398,1
18,401,1
18,407,5
18,419,4
18,425,3
18,433,2
18,446,1
18,481,60
18,484,5
18,489,2
18,525,30
18,536,115
18,541,5
18,547,1
18,549,2
18,551,2
18,556,12
18,612,1
19,0,15
19,1,48684
19,2,218219
19,3,176099
19,4,262
19,5,2235
19,6,20203
19,7,377
19,8,42771
19,9,119652
19,10,5201
19,11,23940
19,12,229296
19,13,31301
19,14,71441
19,15,206494
19,16,49
19,17,7304
19,18,134346
19,19,6111
19,20,26483
19,21,36008
19,22,3559
19,23,18835
19,24,22965
19,25,8283
19,26,20289
19,27,9309
19,28,9310
19,29,2985
19,30,37
19,32,235
19,33,313
19,34,36
19,35,441
19,36,1446
19,37,139
19,38,172
19,39,73
19,40,5
19,42,99
19,43,3
19,44,11
19,45,719
19,46,729
19,47,14
19,48,7
19,49,58
19,50,50
19,51,16
19,52,180
19,53,32
19,54,5
19,55,23
19,56,62
19,57,1
19,58,609
19,59,22
19,60,171
19,64,24886
19,65,223
19,66,100
19,68,136
19,69,2
19,70,9
19,71,3
19,72,92
19,73,7
19,74,285
19,76,13
19,78,3
19,79,61
19,80,12
19,81,32
19,82,461
19,83,109
19,84,162
19,85,19
19,86,46
19,88,168
19,89,5
19,91,190
19,93,28
19,94,60
19,95,80
19,96,11
19,97,18
19,98,14
19,99,2
19,100,37
19,102,12
19,103,227
19,104,6
19,105,17
19,107,107
19,108,52
19,109,412
19,110,98
19,111,3
19,112,12
19,114,2
19,115,26
19,116,2
19,117,7
19,118,9
19,119,29
19,120,16
19,121,18
19,122,104
19,124,4
19,125,46
19,127,10
19,128,33
19,130,25
19,132,6
19,133,18
19,134,204
19,136,2
19,137,9
19,139,8
19,141,10
19,143,4
19,144,2
19,145,14
19,146,7
19,148,13
19,149,12
19,150,3
19,151,3375
19,152,6
19,154,7
19,155,29
19,158,28
19,159,3
19,160,5
19,161,2
19,162,12
19,165,42
19,166,13
19,167,15
19,168,9
19,169,1
19,170,203
19,171,1
19,172,1
19,173,3
19,175,11
19,176,6
19,177,8
19,180,1
19,181,166
19,182,17
19,183,1154
19,184,13
19,185,31
19,186,7
19,188,19
19,190,11
19,194,22
19,197,19
19,198,2
19,202,67
19,203,1
19,204,6
19,205,3
19,206,13
19,207,4
19,208,40
19,210,2
19,211,1
19,213,2
19,214,3
19,215,578
19,216,7
19,218,1
19,222,3
19,223,2
19,226,2
19,228,3
19,229,6
19,231,11
19,232,199
19,233,10
19,236,2
19,237,2
19,239,6
19,240,76
19,241,11
19,244,9
19,246,1
19,247,5
19,249,2
19,250,2
19,259,1
19,261,7
19,262,2
19,263,1
19,265,1
19,266,57
19,267,23
19,268,8
19,269,1
19,272,11
19,279,1
19,282,3
19,284,2
19,286,1
19,289,4
19,292,2
19,293,31
19,296,1
19,299,1
19,302,3
19,303,8
19,308,1
19,312,1
19,315,68
19,322,2
19,326,4
19,334,1
19,336,1
19,343,3
19,347,49
19,348,1
19,349,2
19,355,1
19,363,35
19,365,34
19,366,3
19,379,2
19,381,1
19,383,2
19,385,1
19,386,3
19,394,11
19,398,1
19,405,2
19,407,7
19,419,3
19,420,1
19,425,1
19,432,3
19,433,3
19,481,24
19,484,16
19,489,3
19,502,1
19,536,74
19,549,1
19,551,3
19,556,6
20,0,11
20,1,42141
20,2,171829
20,3,146481
20,4,244
20,5,2130
20,6,15446
20,7,587
20,8,35502
20,9,99552
20,10,4465
20,11,20806
20,12,184092
20,13,26433
20,14,62699
20,15,166182
20,16,44
20,17,6008
20,18,107946
20,19,6327
20,20,20435
20,21,31082
20,22,3249
20,23,16486
20,24,18052
20,25,6688
20,26,17731
20,27,8386
20,28,8119
20,29,2748
20,30,35
20,32,186
20,33,324
20,34,23
20,35,383
20,36,916
20,37,84
20,38,169
20,39,67
20,40,2
20,41,508
20,42,99
20,43,2
20,44,12
20,45,591
20,46,570
20,47,27
20,48,6
20,49,41
20,50,39
20,51,14
20,52,176
20,53,22
20,54,4
20,55,16
20,56,71
20,58,602
20,59,33
20,60,118
20,62,4
20,64,18949
20,65,129
20,66,96
20,68,156
20,70,5
20,71,1
20,72,81
20,73,8
20,74,213
20,75,1
20,76,17
20,79,27
20,80,12
20,81,34
20,82,350
20,83,83
20,84,39
20,85,25
20,86,19
20,87,1
20,88,196
20,89,1
20,91,126
20,93,34
20,94,55
20,95,84
20,96,12
20,97,15
20,98,8
20,99,5
20,100,34
20,102,17
20,103,155
20,104,18
20,105,9
20,107,90
20,108,50
20,109,437
20,110,104
20,111,2
20,112,9
20,114,2
20,115,27
20,116,1
20,117,9
20,118,15
20,119,5
20,120,16
20,121,23
20,122,80
20,124,5
20,125,37
20,126,1
20,127,3
20,128,13
20,130,23
20,132,10
20,133,43
20,134,183
20,135,1
20,136,1
20,137,20
20,139,2
20,140,1
20,141,11
20,143,3
20,145,18
20,146,9
20,148,21
20,149,9
20,151,3780
20,152,5
20,153,4
20,154,4
20,155,17
20,158,14
20,159,2
20,160,13
20,161,4
20,162,19
20,163,4
20,165,90
20,166,16
20,167,17
20,168,4
20,169,3
20,170,164
20,171,1
20,175,8
20,176,7
20,177,2
20,181,138
20,182,9
20,183,1017
20,184,13
20,186,12
20,188,17
20,190,12
20,192,1
20,194,17
20,197,4
20,198,3
20,202,59
20,203,4
20,204,6
20,206,8
20,207,1
20,208,35
20,210,3
20,213,2
20,214,6
20,215,526
20,218,2
20,222,1
20,224,2
20,226,1
20,228,2
20,229,5
20,230,1
20,231,18
20,232,281
20,233,14
20,236,2
20,237,1
20,238,1
20,239,3
20,240,66
20,241,3
20,242,1
20,244,6
20,245,2
20,246,2
20,247,2
20,248,30
20,249,4
20,250,1
20,256,4
20,258,1
20,259,3
20,260,1
20,261,4
20,262,1
20,266,11
20,267,21
20,268,7
20,272,14
20,273,87
20,276,2
20,278,1
20,283,9
20,284,5
20,286,1
20,289,2
20,290,2
20,296,3
20,299,1
20,302,2
20,303,5
20,315,33
20,320,3
20,326,1
20,347,6
20,351,1
20,355,1
20,358,1
20,359,1
20,363,38
20,365,31
20,366,3
20,381,5
20,385,2
20,386,1
20,394,14
20,398,5
20,401,2
20,407,3
20,419,1
20,425,1
20,475,6
20,481,22
20,484,15
20,536,60
20,538,1
20,541,2
20,549,1
20,551,3
20,556,11
20,557,1
20,563,1
20,576,2
21,0,17
21,1,56997
21,2,194682
21,3,191339
21,4,377
21,5,2893
21,6,18939
21,7,564
21,8,47994
21,9,129526
21,10,6524
21,11,28722
21,12,214577
21,13,34523
21,14,85225
21,15,194391
21,16,37
21,17,8949
21,18,135689
21,19,10740
21,20,24148
21,21,41999
21,22,4262
21,23,22840
21,24,21244
21,25,9506
21,26,24616
21,27,11404
21,28,11353
21,29,3526
21,30,57
21,32,190
21,33,757
21,34,27
21,35,472
21,36,1373
21,37,54
21,38,237
21,39,93
21,40,1
21,41,9
21,42,113
21,43,7
21,44,18
21,45,693
21,46,821
21,47,31
21,48,17
21,49,47
21,50,96
21,51,25
21,52,158
21,53,35
21,54,4
21,55,27
21,56,105
21,57,2
21,58,821
21,59,22
21,60,145
21,64,21330
21,65,188
21,66,133
21,68,397
21,69,3
21,70,13
21,71,5
21,72,172
21,73,26
21,74,310
21,75,3
21,76,16
21,79,66
21,80,12
21,81,56
21,82,424
21,83,174
21,84,47
21,85,60
21,86,31
21,87,5
21,88,307
21,89,16
21,91,178
21,93,47
21,94,98
21,95,159
21,96,21
21,97,15
21,98,14
21,99,3
21,100,36
21,102,20
21,103,206
21,104,17
21,105,24
21,107,139
21,108,87
21,109,518
21,110,254
21,111,1
21,112,12
21,114,11
21,115,10
21,116,2
21,117,14
21,118,8
21,119,4
21,120,13
21,121,61
21,122,120
21,124,6
21,125,102
21,126,1
21,127,8
21,128,15
21,130,11
21,132,27
21,133,58
21,134,200
21,135,1
21,137,20
21,139,2
21,140,1
21,141,14
21,142,5
21,143,3
21,144,3
21,145,41
21,146,14
21,148,21
21,149,20
21,150,3
21,151,4234
21,152,6
21,154,3
21,155,20
21,158,34
21,159,5
21,160,18
21,161,3
21,162,15
21,163,4
21,164,2
21,165,20
21,166,3
21,167,16
21,168,15
21,169,7
21,170,182
21,175,6
21,176,6
21,181,197
21,182,11
21,183,1672
21,184,36
21,185,31
21,186,28
21,188,18
21,190,15
21,192,1
21,193,1
21,194,15
21,197,5
21,200,2
21,202,111
21,203,2
21,204,1
21,205,1
21,206,15
21,207,3
21,208,40
21,210,1
21,211,5
21,213,2
21,214,2
21,215,410
21,216,7
21,217,1
21,218,1
21,219,1
21,220,4
21,222,3
21,224,1
21,226,2
21,228,1
21,229,9
21,230,2
21,231,52
21,232,180
21,233,22
21,236,2
21,237,1
21,238,3
21,239,3
21,240,128
21,241,7
21,242,1
21,244,4
21,245,1
21,246,2
21,247,1
21,248,1
21,249,6
21,250,1
21,255,1
21,256,1
21,257,2
21,259,1
21,261,4
21,262,1
21,265,1
21,266,129
21,267,34
21,268,18
21,272,21
21,273,39
21,277,1
21,278,1
21,279,4
21,280,1
21,282,5
21,283,2
21,284,1
21,286,1
21,289,2
21,292,2
21,294,2
21,295,1
21,296,11
21,299,1
21,302,21
21,303,10
21,305,1
21,310,31
21,315,56
21,317,1
21,325,2
21,326,1
21,328,4
21,336,1
21,337,1
21,363,126
21,365,31
21,366,1
21,381,16
21,386,1
21,394,20
21,398,4
21,401,4
21,407,8
21,419,1
21,425,1
21,433,2
21,443,1
21,481,13
21,484,7
21,495,1
21,505,1
21,512,2
21,536,75
21,541,3
21,549,1
21,551,1
21,556,22
21,576,2
21,701,2
21,758,1
22,0,28
22,1,136935
22,2,401165
22,3,469581
22,4,403
22,5,7180
22,6,44412
22,7,984
22,8,100521
22,9,365102
22,10,16126
22,11,70765
22,12,479429
22,13,84876
22,14,215764
22,15,392260
22,16,49
22,17,19024
22,18,310608
22,19,20671
22,20,59180
22,21,99744
22,22,10789
22,23,58507
22,24,50297
22,25,27101
22,26,63407
22,27,29527
22,28,29559
22,29,8958
22,30,168
22,31,1
22,32,338
22,33,1248
22,34,53
22,35,999
22,36,2594
22,37,81
22,38,562
22,39,199
22,40,4
22,42,185
22,43,15
22,44,30
22,45,1552
22,46,1259
22,47,47
22,48,39
22,49,77
22,50,105
22,51,38
22,52,253
22,53,13
22,54,7
22,55,361
22,56,268
22,57,12
22,58,1056
22,59,5
22,60,216
22,61,2
22,62,1
22,64,46968
22,65,440
22,66,263
22,67,2
22,68,555
22,69,3
22,70,26
22,71,1
22,72,638
22,73,99
22,74,475
22,75,5
22,76,22
22,77,1
22,78,85
22,79,67
22,80,31
22,81,76
22,82,1045
22,83,399
22,84,86
22,85,96
22,86,65
22,88,511
22,89,76
22,91,32
22,92,1
22,93,115
22,94,243
22,95,395
22,96,47
22,97,42
22,98,24
22,99,54
22,100,109
22,102,26
22,103,382
22,104,29
22,105,38
22,107,420
22,108,112
22,109,642
22,110,544
22,111,8
22,112,25
22,114,31
22,115,43
22,117,13
22,118,33
22,119,7
22,120,22
22,121,164
22,122,261
22,123,3
22,124,7
22,125,354
22,127,12
22,128,20
22,130,31
22,132,31
22,133,46
22,134,350
22,135,1
22,136,2
22,137,126
22,139,2
22,140,3
22,141,31
22,144,14
22,145,77
22,146,27
22,148,24
22,149,10
22,150,52
22,151,8014
22,152,14
22,153,9
22,154,9
22,155,35
22,158,56
22,159,7
22,160,662
22,161,18
22,162,26
22,164,3
22,165,269
22,166,15
22,167,28
22,168,3
22,169,9
22,170,345
22,171,3
22,172,3
22,173,4
22,175,13
22,176,21
22,177,4
22,180,4
22,181,193
22,182,18
22,183,1829
22,184,46
22,185,2
22,186,65
22,188,24
22,190,52
22,192,2
22,194,16
22,195,1
22,197,13
22,198,2
22,199,3
22,200,10
22,202,190
22,203,6
22,204,11
22,205,1
22,206,32
22,207,6
22,208,47
22,210,10
22,211,3
22,212,3
22,213,11
22,214,4
22,215,563
22,216,7
22,217,1
22,218,2
22,219,2
22,220,4
22,222,4
22,224,1
22,226,4
22,228,2
22,229,6
22,230,2
22,232,148
22,233,29
22,236,8
22,237,3
22,238,9
22,239,6
22,240,91
22,241,8
22,244,9
22,245,4
22,247,4
22,249,7
22,250,13
22,255,1
22,256,3
22,257,3
22,258,8
22,259,6
22,261,9
22,262,2
22,264,1
22,265,1
22,266,219
22,267,39
22,268,86
22,269,1
22,272,34
22,273,32
22,275,1
22,277,1
22,278,3
22,279,4
22,282,10
22,283,10
22,284,5
22,286,4
22,288,1
22,289,3
22,294,4
22,295,3
22,296,6
22,299,1
22,301,1
22,302,79
22,303,25
22,305,1
22,310,33
22,313,1
22,314,1
22,315,196
22,319,1
22,322,1
22,325,2
22,326,2
22,328,3
22,335,1
22,336,4
22,337,1
22,346,1
22,349,1
22,351,1
22,352,1
22,355,1
22,362,1
22,363,173
22,365,132
22,366,3
22,371,1
22,372,2
22,381,24
22,386,1
22,394,19
22,398,15
22,401,5
22,407,23
22,419,33
22,425,10
22,433,2
22,446,1
22,470,2
22,481,29
22,484,2
22,501,1
22,529,1
22,530,1
22,536,160
22,537,4
22,540,3
22,541,7
22,547,2
22,549,3
22,551,3
22,555,1
22,556,83
22,557,2
22,563,4
22,569,1
22,576,2
22,651,2
22,654,1
22,666,1
22,762,1
23,0,47
23,1,271135
23,2,738897
23,3,961287
23,4,528
23,5,15639
23,6,92851
23,7,7497
23,8,191833
23,9,751894
23,10,30683
23,11,154839
23,12,865524
23,13,180021
23,14,452930
23,15,712730
23,16,132
23,17,36694
23,18,600078
23,19,25119
23,20,71025
23,21,187918
23,22,23619
23,23,127723
23,24,44339
23,25,65585
23,26,135880
23,27,64415
23,28,63788
23,29,19444
23,30,215
23,31,1
23,32,9902
23,33,2042
23,34,83
23,35,2464
23,36,6069
23,37,104
23,38,938
23,39,465
23,40,21
23,41,1
23,42,67
23,43,63
23,44,21
23,45,2383
23,46,1619
23,47,107
23,48,89
23,49,150
23,50,328
23,51,64
23,52,330
23,53,153
23,54,9
23,55,1562
23,56,491
23,57,8
23,58,1181
23,59,341
23,60,337
23,61,9
23,62,6
23,64,90808
23,65,809
23,66,361
23,67,2
23,68,573
23,69,7
23,70,77
23,71,7
23,72,1368
23,73,132
23,74,1040
23,75,10
23,76,28
23,77,1
23,78,130
23,79,109
23,80,33
23,81,125
23,82,2272
23,83,619
23,84,131
23,85,101
23,86,124
23,87,2
23,88,680
23,89,43
23,90,2
23,91,9
23,93,213
23,94,426
23,95,467
23,96,87
23,97,89
23,98,19
23,99,77
23,100,131
23,102,28
23,103,687
23,104,56
23,105,49
23,107,778
23,108,199
23,109,770
23,110,956
23,111,17
23,112,19
23,114,36
23,115,76
23,116,13
23,117,16
23,118,27
23,119,84
23,120,73
23,121,287
23,122,444
23,123,2
23,124,24
23,125,398
23,127,15
23,128,41
23,130,34
23,132,22
23,133,13
23,134,249
23,135,15
23,137,182
23,139,11
23,140,10
23,141,43
23,142,1
23,143,15
23,144,2
23,145,151
23,146,21
23,148,66
23,150,657
23,151,7735
23,152,16
23,153,4
23,154,12
23,155,50
23,158,75
23,159,17
23,160,11829
23,161,11
23,162,17
23,164,12
23,165,418
23,166,11
23,167,31
23,168,15
23,169,24
23,170,238
23,171,5
23,172,6
23,173,2
23,174,1
23,175,28
23,176,30
23,177,20
23,180,2
23,181,251
23,182,24
23,183,1299
23,184,27
23,185,12
23,186,47
23,188,48
23,190,61
23,192,1
23,193,2
23,194,15
23,195,6
23,196,1
23,197,26
23,198,1
23,199,1
23,200,9
23,202,294
23,203,10
23,204,24
23,206,83
23,207,33
23,208,200
23,210,10
23,211,1
23,212,1
23,213,12
23,214,10
23,215,662
23,216,17
23,217,5
23,218,8
23,219,3
23,220,8
23,222,5
23,223,2
23,224,2
23,226,7
23,228,3
23,229,7
23,230,7
23,231,12
23,232,286
23,233,27
23,236,15
23,237,8
23,238,10
23,239,11
23,240,32
23,241,7
23,242,2
23,244,20
23,245,1
23,246,5
23,247,11
23,248,1
23,249,3
23,250,28
23,253,1
23,256,4
23,257,4
23,258,8
23,259,2
23,261,14
23,262,2
23,266,183
23,267,23
23,268,110
23,269,3
23,272,37
23,273,68
23,275,1
23,276,2
23,277,5
23,278,8
23,279,2
23,280,1
23,281,5
23,282,10
23,283,7
23,284,1
23,286,1
23,288,2
23,289,4
23,290,3
23,292,2
23,294,5
23,295,3
23,296,8
23,302,32
23,303,34
23,304,4
23,305,2
23,308,1
23,310,65
23,313,1
23,315,340
23,316,1
23,318,1
23,319,1
23,320,21
23,322,5
23,324,1
23,325,2
23,326,7
23,328,5
23,329,3
23,333,4
23,334,1
23,336,4
23,337,1
23,343,3
23,346,2
23,347,1
23,349,1
23,352,3
23,353,2
23,363,137
23,364,1
23,365,199
23,366,4
23,372,2
23,376,4
23,381,31
23,385,1
23,386,1
23,388,1
23,391,1
23,394,1
23,398,37
23,401,5
23,407,29
23,412,1
23,419,398
23,425,7
23,427,1
23,429,1
23,446,1
23,448,1
23,470,1
23,474,31
23,481,50
23,482,1
23,484,5
23,489,1
23,505,1
23,508,1
23,512,1
23,536,191
23,537,47
23,538,1
23,541,1
23,549,5
23,551,3
23,556,35
23,557,1
23,563,1
23,565,1
23,569,1
23,610,2
23,614,1
23,624,1
23,629,1
23,634,2
23,651,1
23,721,1
23,735,1
