hour,os,nip_h_os
0,0,6949
0,1,39658
0,2,9209
0,3,47617
0,4,9744
0,5,1704
0,6,75694
0,7,3368
0,8,86257
0,9,69868
0,10,82358
0,11,23001
0,12,31410
0,13,658543
0,14,40719
0,15,72168
0,16,48293
0,17,156650
0,18,143639
0,19,756090
0,20,65609
0,21,2188
0,22,142391
0,23,28921
0,24,7670
0,25,65861
0,26,14285
0,27,28169
0,28,21724
0,29,1933
0,30,18564
0,31,12181
0,32,26404
0,33,7995
0,34,3900
0,35,27958
0,36,11167
0,37,45608
0,38,2870
0,39,1113
0,40,11813
0,41,38967
0,42,5759
0,43,5458
0,44,3221
0,45,2587
0,46,5299
0,47,21789
0,48,2932
0,49,9546
0,50,1276
0,51,1638
0,52,1165
0,53,24334
0,54,21
0,55,744
0,56,2120
0,57,214
0,58,4123
0,59,290
0,60,113
0,61,3
0,62,708
0,63,374
0,64,728
0,65,855
0,66,679
0,67,21
0,68,47
0,69,92
0,70,1769
0,71,57
0,72,61
0,73,291
0,74,109
0,75,14
0,76,290
0,77,724
0,78,98
0,79,1192
0,80,116
0,81,128
0,83,166
0,84,37
0,85,222
0,86,30
0,87,59
0,88,16
0,89,21
0,90,436
0,92,85
0,93,3
0,94,6
0,95,5
0,96,347
0,97,448
0,98,382
0,99,1
0,100,256
0,101,32
0,102,28
0,103,9
0,104,5
0,105,54
0,106,29
0,107,12
0,108,5
0,109,442
0,110,237
0,111,127
0,112,95
0,113,15
0,114,34
0,115,1
0,116,5
0,117,37
0,118,59
0,119,11
0,120,4
0,122,10
0,123,58
0,124,21
0,125,3
0,126,1
0,127,4
0,128,10
0,129,5
0,132,7
0,133,15
0,134,42
0,135,9
0,137,69
0,138,9
0,140,15
0,141,14
0,142,3
0,143,1
0,145,44
0,146,1
0,147,3
0,148,14
0,149,1
0,151,3
0,152,3
0,153,38
0,155,60
0,156,4
0,160,4
0,161,1
0,162,2
0,163,5
0,164,2
0,165,2
0,168,5
0,171,1
0,172,1
0,174,10
0,175,5
0,178,40
0,184,36
0,185,28
0,188,4
0,192,36
0,193,1
0,196,14
0,198,22
0,199,4
0,204,1
0,205,3
0,207,3
0,209,20
0,213,3
0,215,4
0,217,15
0,222,2
0,223,3
0,234,1
0,237,3
0,239,1
0,241,1
0,245,8
0,250,1
0,252,6
0,254,1
0,273,4
0,277,3
0,281,2
0,284,1
0,287,1
0,296,2
0,300,7
0,302,1
0,316,2
0,322,2
0,350,2
0,355,3
0,378,2
0,380,3
0,382,1
0,400,1
0,408,4
0,412,1
0,453,1
0,457,1
0,462,1
0,465,11
0,469,1
0,489,1
0,506,4
0,511,1
0,517,1
0,518,1
0,521,1
0,544,2
0,563,1
0,564,1
0,570,3
0,597,1
1,0,7259
1,1,35157
1,2,9327
1,3,44770
1,4,10249
1,5,2028
1,6,70645
1,7,3036
1,8,81005
1,9,64071
1,10,79848
1,11,21277
1,12,29489
1,13,597459
1,14,38138
1,15,68698
1,16,45951
1,17,147159
1,18,137684
1,19,677429
1,20,61853
1,21,2285
1,22,126777
1,23,30557
1,24,7404
1,25,60584
1,26,13517
1,27,25507
1,28,20035
1,29,2135
1,30,17523
1,31,12595
1,32,26274
1,33,7846
1,34,3619
1,35,25920
1,36,9845
1,37,43792
1,38,3056
1,39,1627
1,40,10565
1,41,38683
1,42,4606
1,43,5147
1,44,2777
1,45,1515
1,46,5116
1,47,20937
1,48,2287
1,49,10221
1,50,1436
1,51,2184
1,52,923
1,53,21084
1,54,74
1,55,966
1,56,1894
1,57,225
1,58,4274
1,59,201
1,60,106
1,61,134
1,62,701
1,63,454
1,64,816
1,65,862
1,66,1457
1,67,24
1,68,74
1,69,90
1,70,1039
1,71,182
1,72,75
1,73,387
1,74,62
1,75,26
1,76,329
1,77,825
1,78,46
1,79,976
1,80,69
1,81,47
1,83,229
1,84,39
1,85,247
1,86,39
1,87,74
1,88,64
1,89,14
1,90,255
1,91,4
1,92,97
1,94,6
1,95,59
1,96,390
1,97,419
1,98,324
1,99,4
1,100,209
1,101,25
1,102,98
1,103,2
1,104,4
1,105,64
1,106,33
1,107,57
1,108,3
1,109,257
1,110,92
1,111,10
1,112,127
1,113,12
1,114,72
1,116,5
1,117,42
1,118,37
1,119,11
1,120,51
1,122,8
1,123,5
1,124,20
1,125,1
1,127,11
1,128,9
1,129,9
1,130,1
1,131,1
1,132,37
1,133,107
1,134,21
1,135,5
1,137,2
1,138,24
1,141,81
1,142,16
1,143,1
1,145,57
1,146,2
1,148,2
1,149,1
1,151,40
1,152,21
1,153,9
1,154,1
1,155,46
1,156,57
1,157,2
1,159,12
1,160,2
1,162,7
1,163,3
1,164,4
1,169,1
1,171,10
1,174,60
1,175,8
1,177,4
1,178,18
1,179,2
1,183,2
1,184,6
1,185,1
1,188,10
1,189,1
1,191,4
1,192,9
1,193,6
1,196,7
1,198,15
1,199,2
1,202,3
1,205,1
1,207,1
1,209,5
1,213,3
1,214,3
1,215,1
1,217,4
1,223,1
1,224,1
1,228,1
1,231,1
1,233,1
1,237,2
1,241,4
1,242,1
1,245,4
1,259,12
1,262,1
1,274,3
1,277,1
1,281,2
1,290,1
1,294,3
1,300,1
1,302,1
1,315,1
1,316,1
1,331,2
1,339,1
1,341,1
1,355,1
1,367,1
1,390,1
1,401,1
1,404,1
1,412,1
1,429,1
1,437,2
1,500,1
1,508,2
1,511,1
1,554,3
1,575,2
2,0,9012
2,1,34264
2,2,9886
2,3,43273
2,4,9234
2,5,1911
2,6,72421
2,7,3046
2,8,81088
2,9,60195
2,10,76834
2,11,19498
2,12,29110
2,13,581750
2,14,38370
2,15,71457
2,16,44966
2,17,140354
2,18,132253
2,19,646812
2,20,58676
2,21,2995
2,22,120209
2,23,39068
2,24,9356
2,25,60926
2,26,13054
2,27,25080
2,28,19724
2,29,2538
2,30,17213
2,31,13454
2,32,24873
2,33,7859
2,34,3889
2,35,25848
2,36,9963
2,37,43238
2,38,3548
2,39,3226
2,40,9437
2,41,40871
2,42,4667
2,43,4759
2,44,2423
2,45,1226
2,46,4607
2,47,21463
2,48,2353
2,49,11314
2,50,1977
2,51,2538
2,52,932
2,53,20354
2,54,8
2,55,836
2,56,2219
2,57,231
2,58,3750
2,59,362
2,60,126
2,61,146
2,62,625
2,63,439
2,64,677
2,65,929
2,66,1216
2,67,25
2,68,49
2,69,79
2,70,1321
2,71,206
2,72,53
2,73,366
2,74,26
2,75,2
2,76,262
2,77,831
2,78,83
2,79,1089
2,80,69
2,81,62
2,83,515
2,84,40
2,85,270
2,86,32
2,87,89
2,88,17
2,89,29
2,90,367
2,91,10
2,92,25
2,93,1
2,94,10
2,95,23
2,96,451
2,97,400
2,98,266
2,99,1
2,100,256
2,101,26
2,102,78
2,103,9
2,104,3
2,105,18
2,106,16
2,107,13
2,108,2
2,109,340
2,110,73
2,111,50
2,112,57
2,113,6
2,114,54
2,116,3
2,117,110
2,118,24
2,119,19
2,121,3
2,122,3
2,123,39
2,124,4
2,125,3
2,126,1
2,129,7
2,130,7
2,132,41
2,133,37
2,134,32
2,135,10
2,137,32
2,138,38
2,139,1
2,140,1
2,141,42
2,142,9
2,143,35
2,145,28
2,146,1
2,147,8
2,148,3
2,149,1
2,150,2
2,151,23
2,152,5
2,153,4
2,155,23
2,156,30
2,157,4
2,158,4
2,159,12
2,161,1
2,162,5
2,163,3
2,164,21
2,168,19
2,169,2
2,171,2
2,172,26
2,174,28
2,175,1
2,178,9
2,179,1
2,180,2
2,181,1
2,183,28
2,184,59
2,185,1
2,188,21
2,192,6
2,193,2
2,195,1
2,196,2
2,198,32
2,199,2
2,205,1
2,207,1
2,209,5
2,213,3
2,215,5
2,216,1
2,217,1
2,219,1
2,222,5
2,224,3
2,225,1
2,226,5
2,228,4
2,233,2
2,234,1
2,235,1
2,237,2
2,239,2
2,241,1
2,242,1
2,251,1
2,253,2
2,254,3
2,260,1
2,261,1
2,262,3
2,274,1
2,277,1
2,281,2
2,283,1
2,284,2
2,310,1
2,316,2
2,321,1
2,326,1
2,330,1
2,355,7
2,393,2
2,394,2
2,409,1
2,466,2
2,485,1
2,504,1
2,510,1
2,511,1
2,553,1
2,594,1
2,606,2
3,0,7936
3,1,34515
3,2,10411
3,3,44778
3,4,9404
3,5,1540
3,6,72994
3,7,3294
3,8,83196
3,9,61754
3,10,81595
3,11,20562
3,12,29989
3,13,602406
3,14,39204
3,15,72292
3,16,45281
3,17,142689
3,18,133334
3,19,674158
3,20,62652
3,21,2791
3,22,126040
3,23,42642
3,24,8470
3,25,60040
3,26,13182
3,27,26045
3,28,20640
3,29,2542
3,30,18021
3,31,14102
3,32,25434
3,33,11526
3,34,4046
3,35,26835
3,36,10173
3,37,41735
3,38,3225
3,39,3451
3,40,10068
3,41,41319
3,42,5557
3,43,4673
3,44,3006
3,45,1186
3,46,4655
3,47,22208
3,48,2382
3,49,11619
3,50,1636
3,51,3189
3,52,1224
3,53,21828
3,54,38
3,55,1072
3,56,1877
3,57,282
3,58,3837
3,59,332
3,60,87
3,61,154
3,62,670
3,63,672
3,64,639
3,65,1004
3,66,995
3,67,21
3,68,49
3,69,127
3,70,1470
3,71,184
3,72,52
3,73,402
3,74,95
3,75,5
3,76,281
3,77,560
3,78,125
3,79,1018
3,80,62
3,81,111
3,83,192
3,84,20
3,85,243
3,86,27
3,87,108
3,88,22
3,89,45
3,90,300
3,91,1
3,92,58
3,93,3
3,95,30
3,96,487
3,97,431
3,98,317
3,99,3
3,100,290
3,101,48
3,102,66
3,103,3
3,104,5
3,105,102
3,106,43
3,107,8
3,108,15
3,109,384
3,110,85
3,111,7
3,112,86
3,113,8
3,114,26
3,116,3
3,117,17
3,118,52
3,119,13
3,120,19
3,122,5
3,123,10
3,124,1
3,125,2
3,126,1
3,127,7
3,128,4
3,129,5
3,130,14
3,132,21
3,133,10
3,134,25
3,135,13
3,138,53
3,140,11
3,141,27
3,142,7
3,143,8
3,145,40
3,146,2
3,147,7
3,148,26
3,150,1
3,151,15
3,152,39
3,153,7
3,155,110
3,156,2
3,157,4
3,158,7
3,159,11
3,161,1
3,162,6
3,163,2
3,164,12
3,168,1
3,169,6
3,171,4
3,172,55
3,173,1
3,174,60
3,175,5
3,176,1
3,177,3
3,178,20
3,183,17
3,184,68
3,185,8
3,188,11
3,191,1
3,192,6
3,194,2
3,196,2
3,198,53
3,199,1
3,201,6
3,203,6
3,204,3
3,205,3
3,207,2
3,209,44
3,213,5
3,214,4
3,215,4
3,217,2
3,219,4
3,222,2
3,223,2
3,224,3
3,226,1
3,228,1
3,231,2
3,233,1
3,237,1
3,245,1
3,251,1
3,260,1
3,261,2
3,281,3
3,295,2
3,298,1
3,299,10
3,300,2
3,303,3
3,324,1
3,333,1
3,347,4
3,370,2
3,372,1
3,380,1
3,389,3
3,393,1
3,395,4
3,396,3
3,402,5
3,405,1
3,407,3
3,421,1
3,434,3
3,438,2
3,451,1
3,458,1
3,482,1
3,513,3
3,548,2
3,557,1
3,558,2
3,560,6
3,590,1
3,592,2
4,0,33638
4,1,81124
4,2,25268
4,3,102243
4,4,22479
4,5,5207
4,6,171901
4,7,8709
4,8,187174
4,9,151115
4,10,179477
4,11,48631
4,12,71011
4,13,1397132
4,14,86935
4,15,166258
4,16,104427
4,17,333224
4,18,307721
4,19,1593184
4,20,141712
4,21,10913
4,22,297410
4,23,92048
4,24,37065
4,25,141548
4,26,31889
4,27,66091
4,28,47373
4,29,8791
4,30,43623
4,31,27646
4,32,57781
4,33,16042
4,34,9597
4,35,59516
4,36,26543
4,37,101976
4,38,12412
4,39,6990
4,40,22461
4,41,94779
4,42,12900
4,43,12232
4,44,6280
4,45,3286
4,46,9586
4,47,58898
4,48,5468
4,49,23602
4,50,6588
4,51,8596
4,52,2062
4,53,54548
4,54,86
4,55,2322
4,56,5012
4,57,790
4,58,10149
4,59,1548
4,60,292
4,61,300
4,62,1672
4,63,1006
4,64,2476
4,65,2010
4,66,2341
4,67,94
4,68,136
4,69,274
4,70,3214
4,71,370
4,72,166
4,73,936
4,74,194
4,75,8
4,76,1308
4,77,1742
4,78,442
4,79,3080
4,80,130
4,81,122
4,83,484
4,84,198
4,85,602
4,86,36
4,87,126
4,88,98
4,89,96
4,90,1066
4,91,100
4,92,214
4,94,2
4,95,108
4,96,1110
4,97,1000
4,98,848
4,99,22
4,100,490
4,101,12
4,102,130
4,103,6
4,104,16
4,105,218
4,106,76
4,107,16
4,108,68
4,109,748
4,110,166
4,111,16
4,112,236
4,113,34
4,114,100
4,116,6
4,117,12
4,118,112
4,119,34
4,120,2
4,122,12
4,123,54
4,124,16
4,125,10
4,126,2
4,127,16
4,128,44
4,129,36
4,130,6
4,132,132
4,133,192
4,134,88
4,135,36
4,137,28
4,138,130
4,140,6
4,141,108
4,142,44
4,145,56
4,146,6
4,147,14
4,148,48
4,150,30
4,151,18
4,152,176
4,153,20
4,155,252
4,156,54
4,157,2
4,158,10
4,159,16
4,160,8
4,161,12
4,162,8
4,163,8
4,164,120
4,168,8
4,169,38
4,170,2
4,171,10
4,172,10
4,174,56
4,175,10
4,178,64
4,179,2
4,181,2
4,183,32
4,184,116
4,185,6
4,186,2
4,188,2
4,198,148
4,199,6
4,200,4
4,201,2
4,204,2
4,205,4
4,207,4
4,209,26
4,213,2
4,214,6
4,215,68
4,219,16
4,223,4
4,226,52
4,231,2
4,233,2
4,242,2
4,244,6
4,252,26
4,254,2
4,257,2
4,260,2
4,268,4
4,281,6
4,287,4
4,291,4
4,300,4
4,302,120
4,307,2
4,326,2
4,344,6
4,345,4
4,372,2
4,373,2
4,382,2
4,425,2
4,426,2
4,467,6
4,472,2
4,475,2
4,521,2
4,522,2
4,531,2
4,560,10
5,0,13506
5,1,68926
5,2,23228
5,3,92250
5,4,18898
5,5,4508
5,6,145020
5,7,6708
5,8,165162
5,9,127058
5,10,160222
5,11,41918
5,12,63108
5,13,1214352
5,14,74576
5,15,143970
5,16,94024
5,17,283860
5,18,266086
5,19,1357290
5,20,119968
5,21,4852
5,22,253010
5,23,76726
5,24,14788
5,25,124148
5,26,27634
5,27,54586
5,28,38776
5,29,4892
5,30,35596
5,31,25512
5,32,53698
5,33,15198
5,34,7858
5,35,51674
5,36,22170
5,37,89034
5,38,6198
5,39,5168
5,40,20376
5,41,82880
5,42,11964
5,43,9260
5,44,5334
5,45,2400
5,46,8638
5,47,47368
5,48,4728
5,49,21318
5,50,2702
5,51,9190
5,52,1782
5,53,44858
5,54,174
5,55,2516
5,56,4038
5,57,616
5,58,8308
5,59,498
5,60,312
5,61,318
5,62,1436
5,63,1030
5,64,2074
5,65,1974
5,66,2058
5,67,78
5,68,130
5,69,218
5,70,3468
5,71,342
5,72,96
5,73,1424
5,74,152
5,75,38
5,76,612
5,77,1954
5,78,198
5,79,3052
5,80,150
5,81,134
5,82,4
5,83,200
5,84,170
5,85,532
5,86,16
5,87,266
5,88,70
5,89,158
5,90,1280
5,91,4
5,92,112
5,94,8
5,95,178
5,96,844
5,97,1114
5,98,676
5,99,6
5,100,862
5,101,12
5,102,234
5,103,2
5,104,8
5,105,268
5,106,72
5,107,16
5,108,18
5,109,658
5,110,98
5,111,40
5,112,168
5,113,24
5,114,46
5,115,2
5,116,8
5,117,48
5,118,30
5,119,24
5,120,2
5,122,12
5,123,110
5,124,26
5,125,6
5,127,14
5,128,10
5,129,4
5,130,10
5,132,24
5,133,112
5,134,52
5,135,22
5,137,86
5,138,128
5,140,52
5,141,82
5,142,32
5,143,2
5,145,138
5,146,6
5,147,6
5,148,6
5,149,4
5,150,10
5,151,16
5,152,4
5,153,10
5,155,190
5,156,24
5,157,2
5,158,2
5,159,18
5,160,6
5,162,8
5,163,8
5,164,94
5,168,6
5,169,8
5,171,38
5,172,10
5,174,60
5,175,48
5,177,2
5,178,34
5,179,6
5,181,2
5,183,30
5,184,54
5,185,4
5,186,2
5,188,56
5,190,28
5,192,4
5,193,8
5,194,2
5,196,24
5,198,98
5,199,6
5,200,2
5,201,6
5,202,8
5,203,6
5,205,6
5,208,10
5,209,40
5,215,6
5,218,2
5,223,2
5,224,2
5,226,30
5,227,2
5,228,2
5,229,2
5,231,4
5,237,2
5,244,6
5,245,2
5,250,8
5,251,2
5,254,6
5,256,14
5,258,6
5,268,14
5,269,26
5,274,18
5,281,4
5,284,2
5,294,2
5,302,2
5,303,2
5,313,26
5,320,4
5,325,6
5,327,6
5,337,6
5,338,6
5,348,2
5,373,2
5,376,6
5,388,2
5,391,6
5,400,2
5,424,2
5,451,2
5,453,2
5,475,4
5,520,2
5,522,2
5,524,4
5,530,2
5,541,2
5,555,6
5,571,8
5,589,2
6,0,6559
6,1,32231
6,2,9802
6,3,41789
6,4,8352
6,5,2255
6,6,67987
6,7,3263
6,8,75759
6,9,55514
6,10,72785
6,11,18828
6,12,27988
6,13,546813
6,14,35771
6,15,66640
6,16,41876
6,17,132361
6,18,125488
6,19,629518
6,20,54151
6,21,2052
6,22,115069
6,23,37589
6,24,7258
6,25,56080
6,26,12446
6,27,24818
6,28,18874
6,29,2072
6,30,16148
6,31,12376
6,32,23265
6,33,8483
6,34,3729
6,35,23248
6,36,10293
6,37,40750
6,38,2718
6,39,2549
6,40,9231
6,41,37781
6,42,5301
6,43,4363
6,44,2879
6,45,1055
6,46,4057
6,47,20766
6,48,2205
6,49,9925
6,50,1351
6,51,5053
6,52,873
6,53,20880
6,54,28
6,55,1115
6,56,2210
6,57,342
6,58,4129
6,59,278
6,60,124
6,61,162
6,62,614
6,63,298
6,64,710
6,65,931
6,66,687
6,67,58
6,68,149
6,69,96
6,70,1321
6,71,191
6,72,67
6,73,592
6,74,76
6,75,13
6,76,300
6,77,773
6,78,107
6,79,1044
6,80,69
6,81,119
6,83,195
6,84,45
6,85,235
6,86,14
6,87,45
6,88,16
6,89,9
6,90,338
6,91,5
6,92,65
6,95,69
6,96,286
6,97,682
6,98,263
6,99,7
6,100,393
6,101,25
6,102,150
6,103,1
6,104,1
6,105,47
6,106,23
6,108,11
6,109,171
6,110,62
6,111,22
6,112,106
6,113,16
6,114,20
6,115,2
6,116,1
6,117,29
6,118,27
6,119,9
6,120,2
6,122,7
6,123,9
6,124,7
6,125,5
6,126,2
6,127,1
6,128,6
6,129,6
6,130,1
6,132,15
6,133,48
6,134,37
6,135,3
6,137,4
6,138,44
6,140,15
6,141,56
6,142,10
6,143,5
6,145,43
6,147,9
6,148,11
6,149,2
6,150,4
6,152,115
6,153,14
6,155,65
6,156,52
6,159,10
6,160,3
6,162,1
6,163,3
6,164,4
6,167,1
6,168,5
6,169,8
6,171,11
6,172,19
6,174,17
6,175,6
6,177,2
6,178,13
6,179,3
6,183,19
6,184,80
6,188,12
6,191,4
6,192,1
6,194,8
6,196,4
6,198,61
6,199,2
6,201,12
6,203,4
6,205,1
6,207,8
6,208,10
6,209,4
6,211,1
6,213,4
6,215,2
6,217,29
6,222,2
6,223,6
6,224,1
6,226,2
6,228,1
6,230,3
6,231,4
6,232,3
6,233,1
6,242,1
6,245,3
6,248,1
6,260,2
6,261,1
6,262,8
6,265,4
6,268,4
6,274,4
6,277,1
6,281,1
6,282,1
6,303,10
6,320,2
6,321,2
6,328,1
6,355,1
6,356,1
6,362,5
6,372,1
6,379,1
6,400,5
6,401,1
6,404,1
6,413,2
6,439,4
6,440,2
6,444,4
6,448,18
6,450,4
6,459,1
6,470,1
6,479,1
6,487,4
6,562,1
6,576,1
6,593,1
7,0,6449
7,1,32058
7,2,10882
7,3,40475
7,4,8908
7,5,2381
7,6,69029
7,7,3838
7,8,78548
7,9,58468
7,10,74447
7,11,19567
7,12,27731
7,13,553659
7,14,37329
7,15,68614
7,16,44424
7,17,135553
7,18,124525
7,19,652810
7,20,57271
7,21,2172
7,22,115767
7,23,38438
7,24,7179
7,25,58165
7,26,12553
7,27,23898
7,28,18220
7,29,2178
7,30,16701
7,31,12864
7,32,23135
7,33,8504
7,34,3610
7,35,24151
7,36,10307
7,37,40526
7,38,2767
7,39,3132
7,40,9891
7,41,39534
7,42,5858
7,43,4841
7,44,2735
7,45,760
7,46,4010
7,47,21352
7,48,2347
7,49,10466
7,50,1365
7,51,5602
7,52,910
7,53,19873
7,54,12
7,55,1277
7,56,2091
7,57,382
7,58,4176
7,59,348
7,60,142
7,61,166
7,62,519
7,63,376
7,64,1048
7,65,1222
7,66,826
7,67,57
7,68,54
7,69,101
7,70,1384
7,71,175
7,72,62
7,73,588
7,74,122
7,75,9
7,76,307
7,77,919
7,78,88
7,79,1251
7,80,39
7,81,84
7,83,163
7,84,23
7,85,369
7,86,39
7,87,44
7,88,16
7,89,41
7,90,394
7,91,5
7,92,84
7,94,2
7,95,15
7,96,318
7,97,761
7,98,338
7,99,5
7,100,266
7,101,10
7,102,149
7,103,3
7,104,2
7,105,47
7,106,41
7,107,4
7,108,7
7,109,440
7,110,93
7,111,29
7,112,89
7,113,16
7,114,123
7,116,2
7,117,48
7,118,22
7,119,17
7,120,27
7,121,18
7,122,2
7,123,48
7,124,10
7,125,1
7,126,15
7,127,6
7,128,17
7,129,4
7,130,5
7,132,57
7,133,23
7,134,22
7,135,7
7,137,103
7,138,62
7,140,1
7,141,28
7,142,13
7,145,64
7,146,1
7,147,4
7,148,33
7,149,4
7,150,2
7,151,11
7,152,135
7,153,9
7,155,81
7,156,25
7,157,1
7,158,1
7,159,8
7,160,3
7,161,1
7,162,5
7,163,5
7,164,26
7,168,3
7,169,12
7,171,24
7,172,7
7,174,25
7,175,16
7,178,19
7,179,3
7,184,84
7,185,7
7,186,8
7,187,1
7,188,18
7,190,6
7,192,1
7,193,2
7,196,27
7,197,1
7,198,68
7,199,2
7,202,4
7,205,1
7,207,1
7,208,3
7,209,3
7,211,2
7,213,1
7,215,3
7,216,1
7,217,6
7,223,2
7,226,1
7,228,3
7,229,1
7,231,2
7,242,1
7,245,1
7,250,1
7,251,1
7,252,1
7,262,4
7,265,8
7,268,5
7,271,4
7,274,4
7,275,4
7,284,4
7,300,1
7,302,1
7,303,4
7,315,3
7,321,1
7,324,1
7,325,3
7,338,9
7,359,1
7,368,4
7,398,1
7,403,1
7,417,1
7,423,1
7,427,1
7,430,1
7,444,4
7,448,2
7,505,4
7,519,1
7,569,1
7,578,4
7,599,1
8,0,6787
8,1,33363
8,2,11867
8,3,44209
8,4,9162
8,5,2524
8,6,74224
8,7,3229
8,8,84032
8,9,67590
8,10,79582
8,11,20657
8,12,31486
8,13,600804
8,14,39268
8,15,73795
8,16,47881
8,17,143955
8,18,132764
8,19,693741
8,20,60328
8,21,2584
8,22,122984
8,23,40653
8,24,8203
8,25,63384
8,26,14085
8,27,26369
8,28,19932
8,29,2258
8,30,17335
8,31,13234
8,32,25513
8,33,8430
8,34,3971
8,35,25398
8,36,10977
8,37,42614
8,38,3219
8,39,3055
8,40,10596
8,41,41576
8,42,6348
8,43,5176
8,44,2359
8,45,1257
8,46,4581
8,47,23299
8,48,2351
8,49,11142
8,50,1295
8,51,6514
8,52,1166
8,53,20823
8,54,23
8,55,1203
8,56,2232
8,57,342
8,58,4317
8,59,317
8,60,137
8,61,187
8,62,698
8,63,651
8,64,1350
8,65,1193
8,66,832
8,67,55
8,68,42
8,69,58
8,70,1702
8,71,219
8,72,92
8,73,642
8,74,232
8,75,10
8,76,496
8,77,978
8,78,203
8,79,1558
8,80,31
8,81,47
8,82,1
8,83,320
8,84,43
8,85,309
8,86,20
8,87,101
8,88,42
8,89,19
8,90,486
8,91,2
8,92,83
8,94,2
8,95,27
8,96,408
8,97,608
8,98,387
8,99,12
8,100,301
8,101,4
8,102,59
8,103,4
8,104,1
8,105,30
8,106,41
8,107,13
8,108,2
8,109,220
8,110,51
8,111,22
8,112,121
8,113,15
8,114,17
8,116,2
8,117,50
8,118,22
8,119,8
8,120,22
8,122,2
8,123,30
8,124,13
8,125,4
8,126,5
8,127,16
8,128,6
8,129,2
8,132,24
8,133,74
8,134,61
8,135,13
8,137,102
8,138,30
8,139,1
8,140,4
8,141,29
8,142,22
8,143,2
8,145,35
8,147,9
8,148,66
8,149,2
8,150,8
8,151,23
8,152,24
8,153,16
8,155,66
8,156,23
8,157,1
8,158,3
8,159,14
8,160,2
8,162,41
8,163,5
8,164,34
8,168,16
8,169,1
8,171,3
8,172,26
8,174,9
8,175,15
8,177,1
8,178,32
8,181,2
8,183,10
8,184,29
8,186,4
8,188,3
8,192,1
8,193,1
8,196,4
8,198,35
8,199,2
8,202,4
8,209,62
8,211,1
8,213,1
8,214,12
8,215,8
8,217,4
8,219,8
8,222,1
8,223,5
8,225,5
8,226,4
8,228,6
8,231,2
8,235,1
8,237,1
8,244,1
8,245,10
8,246,1
8,254,2
8,256,4
8,260,2
8,261,8
8,262,9
8,265,4
8,268,7
8,269,4
8,274,5
8,279,1
8,281,1
8,282,1
8,284,3
8,285,1
8,300,2
8,305,12
8,311,1
8,313,1
8,323,1
8,326,1
8,337,4
8,338,2
8,342,1
8,352,1
8,357,1
8,369,4
8,372,1
8,373,2
8,383,1
8,387,4
8,407,8
8,408,4
8,441,1
8,445,1
8,448,1
8,456,1
8,463,4
8,478,2
8,480,1
8,542,1
8,579,4
9,0,19538
9,1,74580
9,2,25222
9,3,87207
9,4,19174
9,5,5440
9,6,149761
9,7,6666
9,8,170249
9,9,147580
9,10,166730
9,11,43424
9,12,61220
9,13,1267299
9,14,84222
9,15,139930
9,16,97754
9,17,302516
9,18,284788
9,19,1432895
9,20,128799
9,21,5994
9,22,255398
9,23,63159
9,24,21535
9,25,127777
9,26,26785
9,27,52951
9,28,40590
9,29,5189
9,30,36115
9,31,25585
9,32,51954
9,33,19113
9,34,8170
9,35,52942
9,36,22397
9,37,89927
9,38,8118
9,39,3720
9,40,21648
9,41,79541
9,42,14851
9,43,10731
9,44,6294
9,45,410
9,46,9580
9,47,51573
9,48,6032
9,49,21427
9,50,3710
9,51,14602
9,52,2636
9,53,40249
9,54,92
9,55,2954
9,56,3764
9,57,850
9,58,9664
9,59,1166
9,60,392
9,61,238
9,62,1310
9,63,1210
9,64,2282
9,65,2726
9,66,1946
9,67,106
9,68,168
9,69,398
9,70,2912
9,71,472
9,72,166
9,73,960
9,74,210
9,75,44
9,76,1092
9,77,2194
9,78,296
9,79,3910
9,80,84
9,81,152
9,83,344
9,84,86
9,85,650
9,86,74
9,87,202
9,88,286
9,89,58
9,90,1056
9,91,22
9,92,294
9,93,4
9,94,16
9,95,66
9,96,1052
9,97,1738
9,98,728
9,99,22
9,100,692
9,101,34
9,102,200
9,103,26
9,104,10
9,105,252
9,106,100
9,107,30
9,108,6
9,109,704
9,110,100
9,111,42
9,112,326
9,113,22
9,114,140
9,115,4
9,116,2
9,117,194
9,118,140
9,119,4
9,120,2
9,123,70
9,124,28
9,125,18
9,126,6
9,127,16
9,128,16
9,129,8
9,130,2
9,132,42
9,133,162
9,134,156
9,135,26
9,137,130
9,138,136
9,140,138
9,141,176
9,142,26
9,143,4
9,145,96
9,146,2
9,147,20
9,148,206
9,149,2
9,150,4
9,151,16
9,152,108
9,153,54
9,155,84
9,156,20
9,157,36
9,158,8
9,159,18
9,160,2
9,162,16
9,163,4
9,164,40
9,168,16
9,169,2
9,171,6
9,172,88
9,174,82
9,175,32
9,176,2
9,178,56
9,179,2
9,183,62
9,184,54
9,185,12
9,187,2
9,188,16
9,190,4
9,191,2
9,192,4
9,193,2
9,196,6
9,198,38
9,203,2
9,207,8
9,213,8
9,215,2
9,217,40
9,220,2
9,222,4
9,225,4
9,226,40
9,231,4
9,232,4
9,233,2
9,234,4
9,237,10
9,244,2
9,247,42
9,248,24
9,251,2
9,255,8
9,256,8
9,260,4
9,262,4
9,267,8
9,268,24
9,269,16
9,270,2
9,274,8
9,281,2
9,286,2
9,287,2
9,300,2
9,302,8
9,306,4
9,310,2
9,313,4
9,321,4
9,329,2
9,333,8
9,336,4
9,341,2
9,342,30
9,354,2
9,369,8
9,375,8
9,377,8
9,384,8
9,386,8
9,391,2
9,400,2
9,406,14
9,435,8
9,450,8
9,454,2
9,460,2
9,514,2
9,546,4
9,566,4
9,581,2
10,0,24124
10,1,74670
10,2,29392
10,3,92808
10,4,20296
10,5,5910
10,6,155938
10,7,7138
10,8,175352
10,9,166496
10,10,173308
10,11,47920
10,12,61088
10,13,1332130
10,14,82154
10,15,151354
10,16,97264
10,17,322050
10,18,293048
10,19,1453276
10,20,138308
10,21,6504
10,22,261468
10,23,77560
10,24,23764
10,25,136536
10,26,27370
10,27,58088
10,28,42776
10,29,5488
10,30,39312
10,31,27146
10,32,54618
10,33,25014
10,34,8876
10,35,56060
10,36,23554
10,37,95496
10,38,10068
10,39,5110
10,40,22100
10,41,85800
10,42,16584
10,43,12124
10,44,5778
10,45,642
10,46,9174
10,47,54166
10,48,5210
10,49,24400
10,50,4768
10,51,16918
10,52,3162
10,53,41696
10,54,48
10,55,3512
10,56,5524
10,57,648
10,58,11268
10,59,1226
10,60,762
10,61,194
10,62,1382
10,63,1526
10,64,2852
10,65,2736
10,66,2168
10,67,194
10,68,202
10,69,280
10,70,3098
10,71,1586
10,72,210
10,73,1682
10,74,588
10,75,10
10,76,1580
10,77,2388
10,78,366
10,79,4822
10,80,226
10,81,160
10,82,4
10,83,532
10,84,178
10,85,584
10,86,132
10,87,192
10,88,236
10,89,176
10,90,1016
10,91,12
10,92,332
10,94,10
10,95,72
10,96,894
10,97,1746
10,98,1128
10,99,32
10,100,584
10,101,80
10,102,188
10,104,18
10,105,92
10,106,96
10,107,32
10,108,10
10,109,730
10,110,206
10,111,80
10,112,284
10,113,30
10,114,240
10,115,4
10,117,208
10,118,270
10,119,14
10,121,2
10,122,16
10,123,80
10,124,52
10,125,18
10,126,12
10,127,12
10,128,24
10,129,26
10,130,4
10,131,2
10,132,254
10,133,186
10,134,54
10,135,24
10,136,12
10,137,30
10,138,102
10,140,44
10,141,114
10,142,12
10,143,30
10,145,170
10,147,6
10,148,22
10,149,4
10,150,2
10,151,14
10,152,82
10,153,78
10,154,2
10,155,138
10,156,24
10,157,6
10,158,16
10,159,32
10,160,2
10,162,10
10,163,8
10,164,22
10,167,2
10,168,74
10,169,24
10,171,48
10,172,18
10,174,144
10,175,8
10,176,6
10,177,10
10,178,66
10,179,2
10,181,6
10,183,16
10,184,170
10,185,18
10,186,2
10,188,50
10,190,2
10,191,26
10,192,16
10,193,8
10,194,2
10,196,22
10,198,64
10,200,6
10,201,20
10,202,8
10,205,2
10,207,2
10,208,26
10,209,4
10,210,2
10,211,2
10,213,10
10,214,16
10,215,10
10,219,8
10,223,2
10,226,16
10,229,4
10,234,2
10,235,2
10,242,2
10,248,2
10,250,2
10,255,8
10,256,2
10,259,8
10,260,4
10,261,8
10,262,16
10,263,12
10,265,8
10,266,8
10,268,12
10,269,8
10,272,2
10,274,16
10,275,4
10,278,2
10,281,14
10,289,4
10,297,2
10,298,8
10,302,10
10,307,4
10,316,2
10,320,2
10,329,4
10,332,2
10,339,2
10,355,4
10,379,2
10,381,8
10,400,2
10,409,8
10,412,2
10,415,2
10,422,2
10,448,2
10,473,8
10,502,8
10,526,8
10,528,4
10,557,4
10,559,8
10,584,2
10,588,2
10,598,2
10,602,2
11,0,48641
11,1,37319
11,2,17916
11,3,44433
11,4,9858
11,5,3286
11,6,79797
11,7,3785
11,8,87285
11,9,90893
11,10,84682
11,11,25332
11,12,31966
11,13,661104
11,14,40391
11,15,73727
11,16,48788
11,17,162893
11,18,149039
11,19,709874
11,20,67098
11,21,12979
11,22,127778
11,23,35806
11,24,53370
11,25,65536
11,26,13713
11,27,30156
11,28,22115
11,29,9796
11,30,19383
11,31,13631
11,32,29126
11,33,16576
11,34,4018
11,35,28399
11,36,12594
11,37,48951
11,38,20986
11,39,2581
11,40,10739
11,41,41405
11,42,9505
11,43,5341
11,44,3417
11,45,3119
11,46,4266
11,47,30858
11,48,2579
11,49,11854
11,50,9954
11,51,9559
11,52,1614
11,53,20711
11,54,12
11,55,1757
11,56,3203
11,57,313
11,58,6216
11,59,2885
11,60,214
11,61,114
11,62,541
11,63,786
11,64,1823
11,65,1647
11,66,1443
11,67,95
11,68,105
11,69,243
11,70,1810
11,71,180
11,72,113
11,73,780
11,74,141
11,75,1
11,76,2471
11,77,1320
11,78,228
11,79,2602
11,80,128
11,81,88
11,83,407
11,84,438
11,85,548
11,86,95
11,87,109
11,88,142
11,89,74
11,90,774
11,91,84
11,92,129
11,94,9
11,95,40
11,96,467
11,97,790
11,98,394
11,99,81
11,100,524
11,101,23
11,102,122
11,103,11
11,104,56
11,105,58
11,106,102
11,107,22
11,108,11
11,109,287
11,110,75
11,111,77
11,112,186
11,113,85
11,114,102
11,115,4
11,116,1
11,117,65
11,118,61
11,119,14
11,120,4
11,121,27
11,122,5
11,123,62
11,124,26
11,125,22
11,127,19
11,128,19
11,129,10
11,130,1
11,132,45
11,133,62
11,134,32
11,135,36
11,136,25
11,137,10
11,138,58
11,140,61
11,141,32
11,142,25
11,143,3
11,145,80
11,147,6
11,148,44
11,149,3
11,150,11
11,151,2
11,152,51
11,153,8
11,154,3
11,155,39
11,156,56
11,157,6
11,158,6
11,159,6
11,160,5
11,161,2
11,162,12
11,163,2
11,164,49
11,167,6
11,168,35
11,169,8
11,170,1
11,171,42
11,172,78
11,173,6
11,174,49
11,175,2
11,178,30
11,183,2
11,184,3
11,185,8
11,186,4
11,188,20
11,190,1
11,192,7
11,193,6
11,194,2
11,196,12
11,198,55
11,199,2
11,200,4
11,201,12
11,208,3
11,209,3
11,213,1
11,214,4
11,215,10
11,219,3
11,222,2
11,224,1
11,226,24
11,237,4
11,245,3
11,248,1
11,250,1
11,254,1
11,255,1
11,256,4
11,260,3
11,261,8
11,262,12
11,265,5
11,268,4
11,269,4
11,275,3
11,277,1
11,278,1
11,281,5
11,293,1
11,300,4
11,302,2
11,304,3
11,306,1
11,308,4
11,315,1
11,321,1
11,336,12
11,347,2
11,355,1
11,363,4
11,392,4
11,406,2
11,414,2
11,430,1
11,451,1
11,484,1
11,497,4
11,503,4
11,507,4
11,527,3
11,540,2
11,552,3
11,567,1
11,568,4
11,587,2
11,601,2
11,603,1
11,605,1
12,0,21384
12,1,33073
12,2,19200
12,3,46137
12,4,10171
12,5,3958
12,6,76417
12,7,4061
12,8,82003
12,9,85999
12,10,80371
12,11,24693
12,12,30440
12,13,644142
12,14,37692
12,15,72375
12,16,46289
12,17,156601
12,18,139772
12,19,676103
12,20,67057
12,21,5091
12,22,116684
12,23,33905
12,24,21967
12,25,63057
12,26,14055
12,27,30763
12,28,21174
12,29,4128
12,30,21036
12,31,12360
12,32,29900
12,33,27096
12,34,4219
12,35,27178
12,36,13221
12,37,50842
12,38,10635
12,39,2515
12,40,9669
12,41,40980
12,42,10837
12,43,5776
12,44,3158
12,45,2979
12,46,3986
12,47,31688
12,48,2522
12,49,12372
12,50,4482
12,51,10127
12,52,2206
12,53,19239
12,54,28
12,55,2487
12,56,3314
12,57,315
12,58,6957
12,59,1479
12,60,258
12,61,110
12,62,750
12,63,998
12,64,2374
12,65,2158
12,66,1690
12,67,76
12,68,46
12,69,166
12,70,1698
12,71,202
12,72,63
12,73,726
12,74,335
12,75,7
12,76,1221
12,77,1632
12,78,170
12,79,2885
12,80,63
12,81,405
12,83,412
12,84,208
12,85,527
12,86,66
12,87,198
12,88,115
12,89,95
12,90,864
12,91,39
12,92,190
12,93,1
12,94,10
12,95,36
12,96,621
12,97,1061
12,98,389
12,99,20
12,100,407
12,101,11
12,102,49
12,103,33
12,104,18
12,105,33
12,106,72
12,107,22
12,108,9
12,109,407
12,110,44
12,111,53
12,112,154
12,113,11
12,114,74
12,115,1
12,116,3
12,117,20
12,118,85
12,119,15
12,120,1
12,122,10
12,123,62
12,124,21
12,125,34
12,126,74
12,127,8
12,128,10
12,129,15
12,130,1
12,131,2
12,132,132
12,133,85
12,134,44
12,135,11
12,136,1
12,137,17
12,138,56
12,140,30
12,141,7
12,142,32
12,143,2
12,145,82
12,146,1
12,147,6
12,148,71
12,149,1
12,150,5
12,151,1
12,152,20
12,153,19
12,154,7
12,155,141
12,156,24
12,157,13
12,158,1
12,159,4
12,160,5
12,162,8
12,163,4
12,164,23
12,168,101
12,169,18
12,170,1
12,171,64
12,172,11
12,174,48
12,175,53
12,176,1
12,177,1
12,178,52
12,183,14
12,184,42
12,185,14
12,188,12
12,190,2
12,191,1
12,192,11
12,196,1
12,198,93
12,200,2
12,203,4
12,205,1
12,207,1
12,209,2
12,213,3
12,215,5
12,217,5
12,222,2
12,223,2
12,224,4
12,226,3
12,229,8
12,231,1
12,234,3
12,235,1
12,237,3
12,238,1
12,245,1
12,251,1
12,257,4
12,260,3
12,262,5
12,268,8
12,269,4
12,274,4
12,281,2
12,294,2
12,302,1
12,305,1
12,318,1
12,319,1
12,321,2
12,326,1
12,327,2
12,334,1
12,338,4
12,339,3
12,341,1
12,351,4
12,355,1
12,357,4
12,366,1
12,371,3
12,384,4
12,385,4
12,448,3
12,461,2
12,471,1
12,475,40
12,491,1
12,496,1
12,508,2
12,531,1
12,543,1
12,566,1
13,0,47564
13,1,68499
13,2,42011
13,3,96945
13,4,21708
13,5,10027
13,6,160550
13,7,9091
13,8,168033
13,9,189275
13,10,166463
13,11,56809
13,12,67753
13,13,1344606
13,14,79637
13,15,143027
13,16,103529
13,17,333488
13,18,291612
13,19,1397538
13,20,134589
13,21,11906
13,22,236110
13,23,64215
13,24,50092
13,25,128223
13,26,30728
13,27,67975
13,28,44012
13,29,9842
13,30,43493
13,31,24296
13,32,63638
13,33,59199
13,34,9618
13,35,57265
13,36,29423
13,37,109932
13,38,23313
13,39,4024
13,40,19844
13,41,85384
13,42,22411
13,43,13596
13,44,5210
13,45,4774
13,46,8177
13,47,68906
13,48,4361
13,49,23867
13,50,10254
13,51,18782
13,52,4407
13,53,44044
13,54,50
13,55,4969
13,56,8264
13,57,658
13,58,16446
13,59,2868
13,60,646
13,61,242
13,62,1570
13,63,2272
13,64,5592
13,65,4728
13,66,4016
13,67,142
13,68,174
13,69,838
13,70,3430
13,71,246
13,72,298
13,73,2276
13,74,784
13,75,18
13,76,2318
13,77,3678
13,78,224
13,79,6145
13,80,180
13,81,458
13,83,558
13,84,372
13,85,1774
13,86,104
13,87,250
13,88,182
13,89,68
13,90,1762
13,91,68
13,92,400
13,93,22
13,94,18
13,95,62
13,96,1128
13,97,2017
13,98,1010
13,99,94
13,100,1248
13,101,62
13,102,224
13,103,22
13,104,50
13,105,140
13,106,174
13,107,18
13,108,18
13,109,1334
13,110,36
13,111,160
13,112,474
13,113,28
13,114,78
13,115,2
13,116,6
13,117,68
13,118,168
13,119,154
13,121,62
13,122,12
13,123,118
13,124,70
13,125,14
13,126,90
13,127,40
13,128,16
13,129,8
13,130,6
13,131,2
13,132,72
13,133,78
13,134,118
13,135,30
13,137,136
13,138,112
13,140,78
13,141,142
13,142,20
13,143,2
13,145,68
13,147,32
13,148,62
13,149,2
13,150,8
13,151,16
13,152,44
13,153,40
13,154,4
13,155,298
13,156,132
13,157,4
13,158,26
13,159,36
13,160,10
13,161,2
13,162,36
13,163,16
13,164,56
13,167,4
13,168,84
13,171,282
13,172,26
13,174,132
13,175,18
13,178,42
13,181,4
13,182,2
13,183,106
13,184,112
13,185,34
13,188,2
13,190,2
13,191,2
13,192,10
13,193,4
13,194,2
13,196,30
13,198,146
13,200,6
13,207,8
13,208,16
13,209,4
13,213,6
13,214,18
13,215,10
13,217,140
13,222,10
13,223,6
13,226,10
13,229,6
13,232,4
13,235,2
13,236,2
13,240,2
13,241,2
13,242,2
13,244,2
13,245,46
13,250,2
13,251,2
13,252,4
13,254,10
13,260,2
13,261,8
13,262,2
13,265,2
13,268,2
13,274,2
13,280,6
13,281,4
13,284,2
13,287,4
13,294,2
13,302,8
13,305,32
13,315,2
13,336,10
13,338,8
13,379,4
13,392,4
13,400,2
13,419,4
13,428,2
13,448,2
13,449,2
13,481,8
13,498,10
13,509,2
13,512,8
13,530,2
13,532,2
13,556,4
13,573,2
13,586,2
13,600,2
14,0,38078
14,1,69582
14,2,40467
14,3,97230
14,4,23664
14,5,9026
14,6,161631
14,7,9442
14,8,175235
14,9,184728
14,10,175335
14,11,56637
14,12,69378
14,13,1363197
14,14,77462
14,15,148011
14,16,107529
14,17,345874
14,18,296790
14,19,1434567
14,20,140651
14,21,10736
14,22,242906
14,23,69270
14,24,42986
14,25,139071
14,26,29538
14,27,69999
14,28,44750
14,29,8704
14,30,45634
14,31,25234
14,32,64660
14,33,33838
14,34,9125
14,35,58432
14,36,28494
14,37,110591
14,38,18084
14,39,4210
14,40,23988
14,41,87825
14,42,21824
14,43,13260
14,44,5830
14,45,5046
14,46,9270
14,47,68066
14,48,4785
14,49,26467
14,50,7826
14,51,20736
14,52,4202
14,53,50382
14,54,182
14,55,4518
14,56,8016
14,57,532
14,58,15426
14,59,2632
14,60,846
14,61,230
14,62,1556
14,63,2488
14,64,5032
14,65,5278
14,66,3494
14,67,218
14,68,174
14,69,758
14,70,4976
14,71,390
14,72,212
14,73,2876
14,74,734
14,75,150
14,76,1886
14,77,4070
14,78,224
14,79,6644
14,80,446
14,81,252
14,83,706
14,84,370
14,85,1762
14,86,152
14,87,258
14,88,142
14,89,122
14,90,2200
14,91,34
14,92,222
14,93,10
14,94,42
14,95,16
14,96,960
14,97,1900
14,98,1284
14,99,64
14,100,1260
14,101,50
14,102,132
14,103,30
14,104,38
14,105,166
14,106,308
14,107,108
14,108,32
14,109,680
14,110,114
14,111,84
14,112,380
14,113,40
14,114,154
14,116,8
14,117,118
14,118,122
14,119,58
14,120,16
14,121,12
14,122,18
14,123,140
14,124,30
14,125,42
14,126,2
14,127,50
14,128,14
14,129,42
14,130,28
14,131,12
14,132,142
14,133,146
14,134,54
14,135,8
14,136,10
14,137,100
14,138,162
14,140,146
14,141,282
14,142,52
14,143,4
14,145,76
14,147,12
14,148,220
14,149,6
14,150,4
14,151,6
14,152,62
14,153,62
14,154,6
14,155,324
14,156,56
14,158,6
14,160,10
14,161,4
14,162,20
14,163,16
14,164,106
14,168,84
14,169,10
14,170,4
14,171,44
14,172,114
14,173,10
14,174,158
14,175,82
14,176,10
14,178,80
14,179,2
14,181,4
14,183,22
14,184,22
14,185,32
14,186,8
14,188,50
14,191,2
14,192,20
14,193,4
14,196,12
14,198,118
14,199,4
14,200,4
14,201,8
14,202,4
14,203,4
14,205,6
14,207,4
14,208,18
14,209,36
14,212,4
14,213,8
14,215,6
14,217,86
14,219,28
14,222,2
14,223,4
14,226,38
14,228,2
14,229,6
14,234,4
14,237,8
14,239,2
14,244,2
14,245,10
14,248,6
14,250,8
14,254,4
14,255,4
14,256,6
14,260,2
14,261,4
14,262,4
14,264,8
14,268,2
14,269,14
14,271,2
14,274,12
14,275,4
14,278,2
14,281,2
14,297,4
14,298,4
14,302,4
14,306,24
14,307,2
14,309,2
14,313,2
14,316,2
14,321,2
14,326,2
14,335,2
14,338,2
14,339,2
14,350,4
14,355,2
14,361,2
14,362,2
14,364,8
14,365,2
14,379,2
14,385,4
14,392,4
14,401,4
14,406,2
14,408,2
14,410,2
14,419,2
14,436,8
14,442,2
14,444,2
14,490,2
14,492,2
14,493,2
14,501,2
14,509,2
14,515,2
14,516,2
14,534,8
14,538,2
14,549,2
14,582,8
14,595,2
14,596,2
14,604,2
15,0,5368
15,1,33522
15,2,16063
15,3,43711
15,4,9886
15,5,3919
15,6,71199
15,7,4025
15,8,80972
15,9,75408
15,10,79335
15,11,24855
15,12,31722
15,13,626016
15,14,40292
15,15,68472
15,16,51470
15,17,159548
15,18,137625
15,19,665072
15,20,68981
15,21,2130
15,22,119619
15,23,33014
15,24,5558
15,25,67629
15,26,12783
15,27,30351
15,28,21175
15,29,1941
15,30,20385
15,31,12528
15,32,29433
15,33,10054
15,34,3693
15,35,26924
15,36,10780
15,37,45361
15,38,2547
15,39,1899
15,40,9736
15,41,41467
15,42,9839
15,43,5830
15,44,3183
15,45,2895
15,46,4663
15,47,29013
15,48,2458
15,49,14015
15,50,954
15,51,11623
15,52,2206
15,53,23949
15,54,5
15,55,1935
15,56,3428
15,57,225
15,58,6463
15,59,245
15,60,284
15,61,109
15,62,801
15,63,1067
15,64,2461
15,65,2140
15,66,1744
15,67,90
15,68,68
15,69,220
15,70,2090
15,71,296
15,72,53
15,73,1067
15,74,240
15,75,11
15,76,219
15,77,1407
15,78,139
15,79,3495
15,80,104
15,81,79
15,83,435
15,84,22
15,85,791
15,86,116
15,87,90
15,88,34
15,89,29
15,90,667
15,91,4
15,92,88
15,93,4
15,94,7
15,95,31
15,96,427
15,97,743
15,98,333
15,99,3
15,100,587
15,101,33
15,102,89
15,103,20
15,104,10
15,105,97
15,106,86
15,107,19
15,108,8
15,109,234
15,110,12
15,111,52
15,112,163
15,113,21
15,114,44
15,115,3
15,116,1
15,117,77
15,118,92
15,119,15
15,122,5
15,123,31
15,124,9
15,125,7
15,126,9
15,127,12
15,128,16
15,129,1
15,130,10
15,132,27
15,133,38
15,134,55
15,135,9
15,137,30
15,138,50
15,140,47
15,141,77
15,142,12
15,143,1
15,144,2
15,145,41
15,147,8
15,148,34
15,149,1
15,150,4
15,151,1
15,152,38
15,153,8
15,155,104
15,156,128
15,157,1
15,158,1
15,159,3
15,160,3
15,161,1
15,162,6
15,163,6
15,164,35
15,166,2
15,168,33
15,169,1
15,171,33
15,172,85
15,173,5
15,174,39
15,175,5
15,176,2
15,177,2
15,178,47
15,181,1
15,183,2
15,184,47
15,185,4
15,188,21
15,192,4
15,193,14
15,196,7
15,198,3
15,201,3
15,202,1
15,204,1
15,205,1
15,209,23
15,213,6
15,214,5
15,215,2
15,217,29
15,221,1
15,223,4
15,226,4
15,228,4
15,229,3
15,239,1
15,241,1
15,242,1
15,244,2
15,248,4
15,256,1
15,257,1
15,259,1
15,261,8
15,262,4
15,265,1
15,267,4
15,268,3
15,269,3
15,270,1
15,271,1
15,274,9
15,275,6
15,276,1
15,280,1
15,281,1
15,302,1
15,308,1
15,312,1
15,316,2
15,317,1
15,318,1
15,327,1
15,338,10
15,351,1
15,358,3
15,360,1
15,361,2
15,362,1
15,365,1
15,370,4
15,376,2
15,384,2
15,385,4
15,397,1
15,399,1
15,404,2
15,405,2
15,408,1
15,409,2
15,410,1
15,411,1
15,420,1
15,443,1
15,444,1
15,453,1
15,461,1
15,463,4
15,473,1
15,474,1
15,476,1
15,481,1
15,488,1
15,491,2
15,492,1
15,494,3
15,495,1
15,496,1
15,497,1
15,499,1
15,500,1
15,536,1
15,539,1
15,545,1
15,547,2
15,572,1
15,574,2
15,583,1
16,0,4659
16,1,29169
16,2,8676
16,3,35236
16,4,7633
16,5,2520
16,6,66701
16,7,3147
16,8,71765
16,9,59286
16,10,72154
16,11,19045
16,12,25577
16,13,541906
16,14,35604
16,15,57971
16,16,42437
16,17,134975
16,18,123453
16,19,576401
16,20,56563
16,21,1708
16,22,109929
16,23,24980
16,24,4513
16,25,59128
16,26,11307
16,27,22959
16,28,19011
16,29,1459
16,30,14685
16,31,10420
16,32,22655
16,33,6215
16,34,3119
16,35,22989
16,36,8587
16,37,40380
16,38,2513
16,39,1165
16,40,8261
16,41,30586
16,42,5712
16,43,4930
16,44,3035
16,45,1974
16,46,3874
16,47,18170
16,48,2225
16,49,9734
16,50,668
16,52,1421
16,53,18076
16,54,9
16,55,1169
16,56,2209
16,57,197
16,58,4088
16,59,194
16,60,218
16,61,7
16,62,628
16,63,513
16,64,1050
16,65,1945
16,66,880
16,67,24
16,68,92
16,69,104
16,70,1544
16,71,150
16,72,65
16,73,658
16,74,160
16,75,2
16,76,375
16,77,1260
16,78,79
16,79,1456
16,80,87
16,81,45
16,83,196
16,84,26
16,85,260
16,86,54
16,87,100
16,88,37
16,89,35
16,90,681
16,91,1
16,92,51
16,93,1
16,94,11
16,95,9
16,96,281
16,97,708
16,98,404
16,99,5
16,100,213
16,101,1
16,102,47
16,104,5
16,105,3
16,106,41
16,107,17
16,108,5
16,109,154
16,110,99
16,111,335
16,112,120
16,113,20
16,114,27
16,116,2
16,117,58
16,118,68
16,119,13
16,122,4
16,123,59
16,124,53
16,125,8
16,126,1
16,127,4
16,128,1
16,129,10
16,132,59
16,133,25
16,134,53
16,135,6
16,137,1
16,138,38
16,140,2
16,141,48
16,142,25
16,144,1
16,145,15
16,146,1
16,147,13
16,148,13
16,149,3
16,150,2
16,151,6
16,152,9
16,153,9
16,155,18
16,156,1
16,158,1
16,159,11
16,161,1
16,162,5
16,163,5
16,164,68
16,169,6
16,171,25
16,172,7
16,173,1
16,174,3
16,175,11
16,177,1
16,178,57
16,179,3
16,183,8
16,184,17
16,185,1
16,188,18
16,192,2
16,196,5
16,197,1
16,198,25
16,199,2
16,205,4
16,206,4
16,209,19
16,213,4
16,215,7
16,217,2
16,223,2
16,228,1
16,229,6
16,239,1
16,241,2
16,243,1
16,244,1
16,252,1
16,254,6
16,260,5
16,277,1
16,278,1
16,281,4
16,284,2
16,300,2
16,305,4
16,343,1
16,349,7
16,363,1
16,364,1
16,379,1
16,418,3
16,447,2
16,486,1
16,498,1
16,508,1
16,509,2
16,551,1
16,584,1
16,591,1
17,0,2782
17,1,15485
17,2,3805
17,3,18635
17,4,3552
17,5,1242
17,6,32937
17,7,1703
17,8,37526
17,9,28058
17,10,37079
17,11,9185
17,12,12281
17,13,273544
17,14,18991
17,15,29304
17,16,21298
17,17,69075
17,18,63718
17,19,290696
17,20,27320
17,21,947
17,22,57815
17,23,11525
17,24,2846
17,25,29937
17,26,6042
17,27,11260
17,28,10233
17,29,819
17,30,7198
17,31,5395
17,32,11274
17,33,3366
17,34,1684
17,35,12340
17,36,4270
17,37,18564
17,38,1475
17,39,523
17,40,4232
17,41,15356
17,42,3264
17,43,1855
17,44,1585
17,45,1839
17,46,1781
17,47,10424
17,48,991
17,49,4314
17,50,594
17,52,654
17,53,10628
17,54,6
17,55,907
17,56,1129
17,57,197
17,58,1922
17,59,152
17,60,154
17,61,5
17,62,438
17,63,211
17,64,481
17,65,894
17,66,393
17,67,25
17,68,23
17,69,20
17,70,970
17,71,98
17,72,33
17,73,91
17,74,35
17,75,13
17,76,227
17,77,670
17,78,33
17,79,598
17,80,21
17,81,32
17,83,138
17,84,17
17,85,118
17,86,25
17,87,29
17,88,53
17,89,53
17,90,206
17,91,3
17,92,10
17,93,3
17,94,8
17,95,17
17,96,190
17,97,267
17,98,144
17,99,3
17,100,83
17,101,6
17,102,39
17,104,3
17,105,8
17,106,16
17,107,2
17,108,4
17,109,63
17,110,17
17,111,23
17,112,67
17,113,27
17,114,1
17,115,2
17,116,1
17,117,38
17,118,2
17,119,6
17,122,6
17,123,16
17,124,4
17,125,2
17,128,1
17,129,3
17,132,31
17,133,4
17,134,5
17,135,2
17,138,13
17,140,16
17,141,4
17,145,14
17,147,7
17,149,1
17,151,2
17,152,3
17,153,20
17,155,90
17,156,1
17,158,2
17,159,1
17,160,3
17,161,1
17,162,1
17,163,3
17,164,6
17,168,4
17,169,9
17,171,7
17,174,2
17,175,6
17,178,17
17,181,1
17,184,105
17,196,1
17,199,1
17,205,1
17,207,3
17,208,3
17,213,5
17,222,2
17,223,1
17,226,1
17,260,2
17,281,1
17,287,8
17,288,1
17,292,1
17,296,1
17,324,1
17,326,1
17,379,1
17,438,2
17,464,1
17,514,1
17,525,2
17,529,1
17,550,1
17,561,6
17,600,2
18,0,2416
18,1,9586
18,2,2829
18,3,12391
18,4,2562
18,5,424
18,6,20410
18,7,916
18,8,21740
18,9,18525
18,10,22460
18,11,4881
18,12,7693
18,13,159301
18,14,10478
18,15,17407
18,16,14200
18,17,41886
18,18,41367
18,19,171675
18,20,17790
18,21,577
18,22,34797
18,23,7865
18,24,1995
18,25,17207
18,26,4101
18,27,7165
18,28,5706
18,29,591
18,30,3945
18,31,3579
18,32,6654
18,33,2444
18,34,1201
18,35,6164
18,36,2908
18,37,10628
18,38,1214
18,39,276
18,40,2342
18,41,11039
18,42,1645
18,43,1358
18,44,952
18,45,3
18,46,1127
18,47,6711
18,48,721
18,49,2869
18,50,389
18,51,5
18,52,177
18,53,5217
18,54,21
18,55,522
18,56,612
18,57,149
18,58,1032
18,59,204
18,60,53
18,61,16
18,62,307
18,63,82
18,64,260
18,65,445
18,66,419
18,67,1
18,68,19
18,69,28
18,70,500
18,71,68
18,72,24
18,73,154
18,74,17
18,75,4
18,76,256
18,77,215
18,78,28
18,79,494
18,80,29
18,81,6
18,83,69
18,84,8
18,85,55
18,86,15
18,87,40
18,88,3
18,89,14
18,90,164
18,92,33
18,94,3
18,95,22
18,96,118
18,97,158
18,98,96
18,99,3
18,100,108
18,101,2
18,102,31
18,104,1
18,105,8
18,106,5
18,107,18
18,109,55
18,110,8
18,111,99
18,112,55
18,113,10
18,114,18
18,117,37
18,118,2
18,119,3
18,122,2
18,123,11
18,124,3
18,125,1
18,127,6
18,128,1
18,132,23
18,134,3
18,135,1
18,138,7
18,140,14
18,141,6
18,145,2
18,146,1
18,147,3
18,148,18
18,149,2
18,151,2
18,152,1
18,153,6
18,155,45
18,156,1
18,158,10
18,159,1
18,161,3
18,164,25
18,168,1
18,169,1
18,172,1
18,175,6
18,177,11
18,181,1
18,183,50
18,184,15
18,185,8
18,188,1
18,192,2
18,196,3
18,198,1
18,199,1
18,205,2
18,207,1
18,223,1
18,241,1
18,243,1
18,245,1
18,255,1
18,262,1
18,278,1
18,281,2
18,284,1
18,287,1
18,323,1
18,346,1
18,432,1
18,483,1
18,514,1
18,565,2
19,0,1498
19,1,6976
19,2,2409
19,3,8201
19,4,2172
19,5,390
19,6,14480
19,7,673
19,8,14760
19,9,11229
19,10,15207
19,11,3391
19,12,5349
19,13,110846
19,14,9213
19,15,11964
19,16,10098
19,17,26838
19,18,26654
19,19,116294
19,20,12367
19,21,439
19,22,22282
19,23,5169
19,24,4073
19,25,10474
19,26,3048
19,27,5291
19,28,3896
19,29,432
19,30,3327
19,31,2140
19,32,4522
19,33,2218
19,34,764
19,35,4781
19,36,2119
19,37,8264
19,38,1515
19,39,267
19,40,1571
19,41,7885
19,42,1266
19,43,987
19,44,433
19,45,1
19,46,612
19,47,4282
19,48,411
19,49,2011
19,50,323
19,51,105
19,52,205
19,53,4336
19,54,23
19,55,369
19,56,280
19,57,77
19,58,1013
19,59,365
19,60,35
19,62,160
19,63,53
19,64,238
19,65,296
19,66,215
19,67,1
19,68,11
19,69,12
19,70,417
19,71,69
19,72,7
19,73,107
19,74,20
19,75,21
19,76,198
19,77,170
19,78,20
19,79,220
19,80,16
19,81,7
19,83,76
19,84,13
19,85,82
19,86,19
19,87,11
19,88,8
19,89,57
19,90,288
19,91,1
19,95,16
19,96,29
19,97,102
19,98,24
19,99,1
19,100,58
19,101,4
19,102,37
19,104,1
19,105,7
19,106,13
19,108,4
19,109,17
19,110,4
19,111,38
19,112,30
19,113,4
19,114,4
19,115,1
19,118,3
19,119,9
19,120,2
19,122,3
19,123,6
19,124,8
19,125,1
19,128,1
19,129,1
19,133,2
19,134,2
19,135,1
19,137,3
19,138,18
19,141,27
19,142,1
19,145,5
19,149,2
19,150,3
19,151,6
19,152,6
19,155,6
19,156,1
19,158,2
19,159,1
19,163,1
19,164,52
19,175,3
19,178,2
19,183,10
19,184,1
19,185,6
19,188,2
19,198,28
19,207,15
19,213,4
19,215,1
19,219,15
19,231,1
19,243,1
19,248,1
19,272,1
19,284,1
19,351,2
19,379,1
19,433,1
20,0,1764
20,1,5003
20,2,2553
20,3,6524
20,4,1661
20,5,427
20,6,12622
20,7,489
20,8,12203
20,9,10905
20,10,11385
20,11,3440
20,12,4628
20,13,89097
20,14,4967
20,15,10968
20,16,7470
20,17,22969
20,18,19633
20,19,96130
20,20,10563
20,21,406
20,22,18103
20,23,4337
20,24,1924
20,25,8330
20,26,2083
20,27,4374
20,28,3020
20,29,328
20,30,2656
20,31,1568
20,32,4021
20,33,2569
20,34,616
20,35,4150
20,36,1543
20,37,7182
20,38,1480
20,39,199
20,40,1293
20,41,5986
20,42,1220
20,43,1054
20,44,399
20,45,4
20,46,621
20,47,4243
20,48,435
20,49,1579
20,50,320
20,51,244
20,52,214
20,53,3988
20,54,63
20,55,455
20,56,510
20,57,61
20,58,1143
20,59,228
20,60,33
20,61,4
20,62,132
20,63,73
20,64,516
20,65,257
20,66,201
20,67,5
20,68,8
20,69,7
20,70,382
20,71,67
20,72,8
20,73,141
20,74,10
20,76,375
20,77,219
20,78,34
20,79,342
20,80,34
20,81,1
20,83,58
20,84,13
20,85,40
20,86,11
20,87,10
20,88,2
20,89,173
20,90,155
20,91,1
20,92,9
20,95,4
20,96,60
20,97,79
20,98,49
20,100,59
20,102,41
20,103,6
20,104,1
20,105,6
20,106,6
20,109,71
20,110,2
20,111,74
20,112,13
20,114,1
20,118,1
20,119,7
20,122,2
20,123,32
20,124,6
20,127,4
20,128,2
20,129,3
20,130,7
20,133,2
20,134,9
20,135,1
20,137,4
20,138,16
20,140,9
20,141,5
20,142,4
20,151,6
20,153,3
20,155,8
20,156,54
20,160,3
20,163,1
20,168,4
20,172,1
20,175,3
20,178,15
20,184,14
20,185,4
20,192,3
20,196,1
20,198,11
20,207,1
20,213,3
20,222,1
20,251,1
20,260,1
20,281,1
20,301,4
20,326,1
20,338,1
20,416,2
20,468,1
20,533,2
20,566,1
20,577,3
21,0,2759
21,1,6548
21,2,4950
21,3,8502
21,4,1889
21,5,803
21,6,14880
21,7,703
21,8,14580
21,9,16635
21,10,14116
21,11,5664
21,12,6410
21,13,120040
21,14,6119
21,15,13024
21,16,7612
21,17,27935
21,18,24517
21,19,129887
21,20,13253
21,21,694
21,22,22873
21,23,3803
21,24,2872
21,25,11768
21,26,2911
21,27,6772
21,28,4210
21,29,420
21,30,4258
21,31,1977
21,32,6334
21,33,3852
21,34,680
21,35,5975
21,36,2463
21,37,10002
21,38,1919
21,39,215
21,40,1898
21,41,6672
21,42,1795
21,43,1384
21,44,508
21,45,3
21,46,1189
21,47,5503
21,48,393
21,49,1996
21,50,503
21,51,200
21,52,476
21,53,5118
21,54,24
21,55,359
21,56,770
21,57,57
21,58,1618
21,59,226
21,60,53
21,62,315
21,63,170
21,64,699
21,65,403
21,66,238
21,67,6
21,68,35
21,69,195
21,70,549
21,71,91
21,72,16
21,73,156
21,74,25
21,76,338
21,77,400
21,78,55
21,79,661
21,80,43
21,81,25
21,83,97
21,84,50
21,85,118
21,86,17
21,87,38
21,88,5
21,89,125
21,90,123
21,91,8
21,92,2
21,95,5
21,96,101
21,97,214
21,98,19
21,100,72
21,101,4
21,102,33
21,103,8
21,104,3
21,105,1
21,106,20
21,107,5
21,109,91
21,110,10
21,111,11
21,112,26
21,114,1
21,115,2
21,116,1
21,117,21
21,118,29
21,119,3
21,120,2
21,122,1
21,123,29
21,124,5
21,127,3
21,129,2
21,132,2
21,133,37
21,134,2
21,135,1
21,137,4
21,138,27
21,142,7
21,149,2
21,151,6
21,152,5
21,153,1
21,154,1
21,155,33
21,156,1
21,157,9
21,162,3
21,163,1
21,164,6
21,168,3
21,171,2
21,172,4
21,174,8
21,175,3
21,178,12
21,181,1
21,183,1
21,184,3
21,199,1
21,205,1
21,207,2
21,208,3
21,222,2
21,223,1
21,228,3
21,231,1
21,251,1
21,259,1
21,260,3
21,281,1
21,282,2
21,302,2
21,406,1
22,0,5532
22,1,15230
22,2,7872
22,3,19904
22,4,4759
22,5,1633
22,6,32868
22,7,1719
22,8,34375
22,9,40022
22,10,31698
22,11,12796
22,12,13215
22,13,285484
22,14,12641
22,15,29497
22,16,18763
22,17,64934
22,18,59620
22,19,315154
22,20,26271
22,21,1218
22,22,56714
22,23,10221
22,24,5450
22,25,27613
22,26,5673
22,27,13807
22,28,9895
22,29,957
22,30,8501
22,31,4446
22,32,13871
22,33,6727
22,34,2148
22,35,12309
22,36,5950
22,37,22686
22,38,3364
22,39,479
22,40,4578
22,41,16537
22,42,4243
22,43,2638
22,44,1295
22,45,1362
22,46,1746
22,47,11854
22,48,977
22,49,4639
22,50,1248
22,51,435
22,52,841
22,53,11399
22,54,19
22,55,540
22,56,1075
22,57,62
22,58,2811
22,59,429
22,60,94
22,61,9
22,62,336
22,63,487
22,64,1103
22,65,772
22,66,739
22,67,11
22,68,30
22,69,719
22,70,956
22,71,105
22,72,32
22,73,387
22,74,78
22,75,3
22,76,455
22,77,579
22,78,52
22,79,1146
22,80,43
22,81,47
22,83,169
22,84,113
22,85,264
22,86,13
22,87,42
22,88,10
22,89,7
22,90,305
22,92,50
22,95,3
22,96,119
22,97,346
22,98,94
22,99,1
22,100,174
22,101,1
22,102,50
22,103,13
22,104,3
22,105,3
22,106,38
22,107,1
22,109,158
22,110,18
22,111,12
22,112,84
22,113,8
22,114,10
22,116,1
22,117,14
22,118,11
22,119,2
22,122,1
22,123,5
22,124,10
22,125,3
22,128,2
22,130,1
22,131,1
22,132,20
22,133,49
22,134,13
22,135,2
22,136,3
22,137,8
22,138,6
22,140,50
22,141,5
22,142,6
22,143,135
22,145,4
22,147,4
22,148,6
22,149,2
22,150,1
22,151,6
22,152,46
22,153,1
22,155,19
22,156,27
22,159,2
22,163,3
22,164,5
22,167,1
22,169,6
22,171,11
22,172,4
22,174,4
22,175,7
22,178,7
22,184,3
22,192,2
22,196,1
22,198,17
22,201,1
22,205,2
22,207,1
22,208,2
22,209,4
22,211,1
22,217,3
22,223,2
22,231,2
22,239,3
22,244,3
22,260,1
22,263,1
22,274,1
22,277,1
22,281,1
22,305,1
22,329,3
22,335,1
22,340,1
22,374,3
22,401,1
22,404,1
22,431,1
22,446,2
22,452,1
22,455,1
22,461,1
22,507,1
22,523,2
22,535,2
22,585,2
23,0,7913
23,1,27024
23,2,9370
23,3,35307
23,4,7952
23,5,2126
23,6,57018
23,7,3145
23,8,62640
23,9,58529
23,10,62281
23,11,18258
23,12,24657
23,13,530995
23,14,28752
23,15,54192
23,16,37259
23,17,118573
23,18,108999
23,19,612266
23,20,50304
23,21,1848
23,22,113785
23,23,20815
23,24,7968
23,25,54211
23,26,10364
23,27,22918
23,28,17534
23,29,1452
23,30,15215
23,31,9158
23,32,21981
23,33,6891
23,34,3343
23,35,21617
23,36,9518
23,37,36887
23,38,3150
23,39,880
23,40,8243
23,41,27766
23,42,5539
23,43,4635
23,44,2048
23,45,1981
23,46,3399
23,47,19181
23,48,1987
23,49,7958
23,50,1555
23,51,869
23,52,794
23,53,21539
23,54,26
23,55,589
23,56,1431
23,57,144
23,58,3649
23,59,343
23,60,109
23,61,1
23,62,653
23,63,431
23,64,718
23,65,898
23,66,1509
23,67,30
23,68,38
23,69,457
23,70,1137
23,71,84
23,72,48
23,73,385
23,74,137
23,75,8
23,76,237
23,77,779
23,78,178
23,79,791
23,80,131
23,81,113
23,83,187
23,84,29
23,85,100
23,86,77
23,87,45
23,88,36
23,89,25
23,90,383
23,91,7
23,92,20
23,95,7
23,96,323
23,97,412
23,98,404
23,99,4
23,100,467
23,101,7
23,102,40
23,103,6
23,104,1
23,105,35
23,106,39
23,107,9
23,109,491
23,110,64
23,111,75
23,112,144
23,113,5
23,114,17
23,117,16
23,118,35
23,119,3
23,120,23
23,121,6
23,122,2
23,123,58
23,124,15
23,125,2
23,128,5
23,129,2
23,130,2
23,131,1
23,132,4
23,133,10
23,134,17
23,135,9
23,136,16
23,137,52
23,138,6
23,139,1
23,140,1
23,141,40
23,142,32
23,143,6
23,145,44
23,146,3
23,147,5
23,148,17
23,149,1
23,151,10
23,152,12
23,153,9
23,154,1
23,155,103
23,156,19
23,157,2
23,159,2
23,160,4
23,161,4
23,163,4
23,164,7
23,168,2
23,171,2
23,172,3
23,174,37
23,175,32
23,177,3
23,178,17
23,181,1
23,183,9
23,184,20
23,185,1
23,186,1
23,188,4
23,191,1
23,192,3
23,193,1
23,196,5
23,198,19
23,199,3
23,200,1
23,204,1
23,205,3
23,207,6
23,208,1
23,209,1
23,213,4
23,214,1
23,215,1
23,223,3
23,226,2
23,229,1
23,231,3
23,233,1
23,237,3
23,241,3
23,244,1
23,247,1
23,248,1
23,249,1
23,251,1
23,254,1
23,261,1
23,262,1
23,274,11
23,277,2
23,281,2
23,305,7
23,314,1
23,346,1
23,353,4
23,355,3
23,361,2
23,392,2
23,409,1
23,477,1
23,537,1
23,580,1
