hour,channel,nip_h_chan
0,0,15
0,3,18522
0,4,3
0,5,22
0,13,553
0,15,34
0,17,4053
0,18,141
0,19,23100
0,21,7637
0,22,92
0,24,163
0,30,404
0,101,6152
0,105,9101
0,107,223943
0,108,173
0,110,479
0,111,11093
0,113,883
0,115,22248
0,116,13062
0,118,696
0,120,357
0,121,78223
0,122,53094
0,123,3
0,124,8280
0,125,18183
0,126,328
0,127,75032
0,128,93951
0,129,7
0,130,23995
0,134,172605
0,135,44876
0,137,45363
0,138,3
0,140,33718
0,145,142427
0,150,3926
0,153,92214
0,160,135
0,171,412
0,173,26693
0,174,29
0,178,102045
0,182,580
0,203,133
0,205,66714
0,208,19
0,210,566
0,211,21184
0,212,17886
0,213,10912
0,215,27389
0,216,5
0,219,42925
0,222,1
0,223,2
0,224,243
0,225,1
0,232,79166
0,234,8574
0,236,19582
0,237,30143
0,242,4234
0,243,1769
0,244,37654
0,245,741
0,253,175
0,258,13439
0,259,84130
0,261,54
0,262,46
0,265,87748
0,266,18541
0,268,180
0,274,176
0,277,48
0,278,11572
0,280,2099
0,281,1
0,282,474
0,311,20
0,315,22512
0,317,3828
0,319,14696
0,320,98
0,322,4228
0,325,7331
0,326,5672
0,328,29005
0,330,99
0,332,66
0,333,572
0,334,45467
0,340,15378
0,341,8
0,343,6623
0,347,19428
0,349,19245
0,352,1
0,353,40
0,356,34
0,360,379
0,361,374
0,364,7087
0,371,18636
0,373,2042
0,376,6570
0,377,27963
0,379,77581
0,386,16066
0,391,73
0,400,10061
0,401,21345
0,402,7302
0,404,2580
0,406,667
0,407,3
0,408,1
0,409,35428
0,410,17
0,411,534
0,412,11418
0,414,24
0,416,28
0,417,5535
0,419,21
0,420,10
0,421,394
0,424,27787
0,430,10800
0,435,39202
0,439,53817
0,442,68211
0,445,16458
0,446,274
0,448,3621
0,449,702
0,450,70
0,451,20
0,452,30667
0,453,67
0,455,32
0,456,98
0,457,23
0,458,1
0,459,21053
0,460,122
0,463,11997
0,465,4
0,466,84567
0,467,2412
0,469,48503
0,477,94772
0,478,11752
0,479,115
0,480,48514
0,481,14627
0,484,156
0,487,7404
0,488,28
0,489,51210
0,490,4227
0,497,8420
0,498,19
1,0,11
1,3,11802
1,4,3
1,5,405
1,13,640
1,15,38
1,17,3949
1,18,160
1,19,21840
1,21,8538
1,22,106
1,24,210
1,30,450
1,101,7087
1,105,10650
1,107,213374
1,108,186
1,110,91
1,111,10086
1,113,2432
1,114,5
1,115,20526
1,116,12295
1,118,817
1,120,392
1,121,74924
1,122,47311
1,123,2
1,124,7862
1,125,16538
1,126,149
1,127,71760
1,128,90903
1,129,7
1,130,22973
1,134,87572
1,135,42392
1,137,42748
1,138,1
1,140,26383
1,145,133964
1,150,3771
1,153,85903
1,160,155
1,171,419
1,173,24856
1,174,28
1,178,102928
1,181,2
1,182,651
1,203,123
1,205,66173
1,208,33
1,210,674
1,211,20395
1,212,18795
1,213,12852
1,215,25972
1,216,4
1,219,41550
1,222,2
1,224,250
1,232,62594
1,234,8502
1,236,19365
1,237,30263
1,242,4092
1,243,1426
1,244,32252
1,245,847
1,251,1
1,253,146
1,256,4
1,258,12482
1,259,79278
1,261,38
1,262,67
1,265,100974
1,266,17022
1,268,138
1,272,6
1,274,181
1,277,42
1,278,11167
1,280,2653
1,281,1
1,282,606
1,311,18
1,315,21465
1,317,3550
1,319,13408
1,320,100
1,322,4261
1,325,6787
1,326,5311
1,328,29406
1,330,151
1,332,82
1,333,596
1,334,38524
1,340,15041
1,341,41
1,343,7460
1,347,18000
1,349,17641
1,353,62
1,356,40
1,360,430
1,361,428
1,364,7748
1,371,10606
1,373,1749
1,376,7040
1,377,26799
1,379,71058
1,386,15775
1,391,77
1,400,8506
1,401,20628
1,402,7382
1,404,1515
1,406,803
1,407,4
1,408,7
1,409,33963
1,410,12
1,411,354
1,412,11225
1,414,29
1,416,41
1,417,5025
1,419,55
1,420,6
1,421,412
1,424,26074
1,430,9962
1,435,37887
1,439,49981
1,442,65329
1,445,15376
1,446,234
1,448,2898
1,449,866
1,450,99
1,451,23
1,452,28718
1,453,48
1,455,21
1,456,112
1,457,40
1,458,1
1,459,22496
1,460,284
1,463,11392
1,465,9
1,466,71834
1,467,2048
1,469,44672
1,477,94928
1,478,10727
1,479,95
1,480,47597
1,481,13762
1,483,1
1,484,198
1,487,6812
1,488,39
1,489,49853
1,490,4336
1,497,8027
1,498,13
2,0,19
2,3,10533
2,4,6
2,5,993
2,13,563
2,14,1
2,15,31
2,17,3819
2,18,159
2,19,21658
2,21,4690
2,22,120
2,24,222
2,30,484
2,101,7106
2,105,13099
2,107,201539
2,108,169
2,110,107
2,111,9851
2,113,2466
2,114,1
2,115,19542
2,116,11999
2,118,737
2,120,411
2,121,74486
2,122,43702
2,123,5
2,124,7850
2,125,14170
2,126,47
2,127,73908
2,128,61701
2,129,6
2,130,24653
2,134,70059
2,135,39672
2,137,44398
2,138,4
2,140,22097
2,145,133640
2,150,3866
2,153,84634
2,160,128
2,171,375
2,173,24366
2,174,50
2,178,103999
2,181,2
2,182,570
2,203,109
2,205,64022
2,208,49
2,210,790
2,211,24053
2,212,20003
2,213,16974
2,215,24086
2,216,1
2,219,41405
2,222,1
2,224,261
2,225,2
2,232,53181
2,234,8894
2,236,24347
2,237,35061
2,242,4073
2,243,931
2,244,29887
2,245,620
2,253,84
2,256,2
2,258,10550
2,259,74757
2,261,26
2,262,83
2,265,99960
2,266,17335
2,268,393
2,272,31
2,274,185
2,277,55
2,278,11485
2,280,2324
2,281,1
2,282,777
2,311,51
2,315,21346
2,317,3550
2,319,13390
2,320,118
2,322,1549
2,325,6773
2,326,4929
2,328,30521
2,330,70
2,332,98
2,333,829
2,334,36607
2,340,16827
2,341,11
2,343,7462
2,347,20004
2,349,17811
2,352,3
2,353,85
2,356,35
2,360,431
2,361,418
2,364,7923
2,371,1116
2,373,1183
2,376,16120
2,377,26968
2,379,69893
2,386,15796
2,391,76
2,400,7855
2,401,20609
2,402,6806
2,404,1226
2,406,795
2,407,4
2,409,34614
2,410,11
2,411,1417
2,412,11228
2,414,32
2,416,52
2,417,4402
2,419,160
2,420,6
2,421,373
2,424,26196
2,430,9933
2,435,38929
2,439,49525
2,442,62509
2,445,14183
2,446,449
2,448,2837
2,449,620
2,450,93
2,451,76
2,452,30044
2,453,11272
2,455,22
2,456,91
2,457,29
2,459,25632
2,460,190
2,463,11663
2,465,17
2,466,66580
2,467,1580
2,469,44822
2,474,1
2,477,95268
2,478,10469
2,479,89
2,480,48674
2,481,13544
2,483,5
2,484,9628
2,487,6767
2,488,707
2,489,50736
2,490,1565
2,497,8175
2,498,28
3,0,19
3,3,10705
3,4,9
3,5,85
3,13,567
3,14,1
3,15,32
3,17,4066
3,18,363
3,19,23234
3,21,3110
3,22,92
3,24,259
3,30,330
3,101,6930
3,105,12053
3,107,207217
3,108,174
3,110,104
3,111,10608
3,113,2639
3,114,1
3,115,20329
3,116,13181
3,118,546
3,120,278
3,121,64053
3,122,46088
3,123,3
3,124,8238
3,125,15078
3,126,22
3,127,75567
3,128,54960
3,129,8
3,130,30369
3,134,73820
3,135,43760
3,137,51923
3,138,1
3,140,23020
3,145,135126
3,150,4136
3,153,89296
3,160,92
3,171,345
3,173,26353
3,174,27
3,178,101254
3,181,1
3,182,574
3,203,135
3,205,63724
3,208,41
3,210,1081
3,211,29838
3,212,21246
3,213,18024
3,215,25293
3,216,1
3,219,43964
3,222,28
3,223,1
3,224,315
3,232,57020
3,234,8498
3,236,22063
3,237,30149
3,242,4189
3,243,4345
3,244,30027
3,245,600
3,256,2
3,258,11378
3,259,75142
3,261,11
3,262,50
3,265,97054
3,266,18542
3,268,262
3,272,9
3,274,302
3,277,40
3,278,12076
3,280,1765
3,281,1
3,282,773
3,311,67
3,315,22708
3,317,3698
3,319,14287
3,320,547
3,322,1
3,325,7182
3,326,4406
3,328,32285
3,330,54
3,332,62
3,333,752
3,334,39594
3,337,1
3,340,17881
3,341,12
3,343,8083
3,347,19642
3,349,18713
3,352,2
3,353,65
3,356,7
3,360,302
3,361,269
3,364,8477
3,371,951
3,373,1140
3,376,22762
3,377,28532
3,379,74081
3,386,16606
3,391,80
3,400,7867
3,401,21767
3,402,6750
3,404,1186
3,406,569
3,407,3
3,409,36671
3,410,15
3,411,860
3,412,11821
3,414,130
3,416,46
3,417,4594
3,419,251
3,420,4
3,421,318
3,424,27562
3,430,10707
3,435,40441
3,439,52907
3,442,65867
3,445,14791
3,446,118
3,448,3478
3,449,437
3,450,89
3,451,76
3,452,36324
3,453,5399
3,455,19
3,456,129
3,457,7
3,459,25223
3,460,190
3,463,12475
3,465,79
3,466,68659
3,467,1785
3,469,46644
3,477,98500
3,478,11218
3,479,51
3,480,51467
3,481,14675
3,484,4700
3,486,1
3,487,7080
3,488,11565
3,489,54061
3,496,1
3,497,8400
3,498,20
4,0,80
4,3,23391
4,4,14
4,5,218
4,13,894
4,15,62
4,17,10038
4,18,1304
4,19,58817
4,21,5974
4,22,204
4,24,612
4,30,792
4,101,15510
4,105,23166
4,107,429784
4,108,396
4,110,162
4,111,28967
4,113,5186
4,115,55832
4,116,35461
4,118,1236
4,120,558
4,121,157764
4,122,112073
4,123,2
4,124,20622
4,125,40246
4,126,56
4,127,191689
4,128,167243
4,129,22
4,130,75904
4,134,191095
4,135,110703
4,137,125032
4,138,2
4,140,53396
4,145,159824
4,150,9884
4,153,227242
4,160,380
4,171,994
4,173,71453
4,174,116
4,178,182789
4,181,6
4,182,930
4,203,308
4,205,147859
4,208,116
4,210,2466
4,211,71233
4,212,48950
4,213,34681
4,215,63635
4,216,12
4,219,108155
4,222,6
4,223,4
4,224,954
4,232,129032
4,233,2
4,234,18427
4,236,58927
4,237,70536
4,242,10677
4,243,5062
4,244,69568
4,245,1452
4,251,2
4,253,14
4,258,29724
4,259,169974
4,261,40
4,262,130
4,265,218274
4,266,46268
4,268,518
4,272,18
4,274,718
4,277,166
4,278,28651
4,280,4236
4,282,1434
4,311,100
4,315,57804
4,317,9398
4,319,39395
4,320,792
4,325,19975
4,326,9438
4,328,76131
4,330,116
4,332,130
4,333,1648
4,334,72269
4,340,43125
4,341,40
4,343,80828
4,347,31271
4,349,50819
4,352,4
4,353,118
4,356,44
4,360,740
4,361,654
4,364,16387
4,371,2082
4,373,2174
4,376,49754
4,377,70430
4,379,181379
4,386,39908
4,391,104
4,400,13154
4,401,52437
4,402,14876
4,404,3282
4,406,1126
4,407,4
4,409,88757
4,410,32
4,411,1594
4,412,28329
4,414,172
4,416,84
4,417,13425
4,419,514
4,420,16
4,421,800
4,424,71778
4,430,29825
4,435,97226
4,439,142900
4,442,166111
4,445,40438
4,446,248
4,448,7626
4,449,1090
4,450,130
4,451,204
4,452,95019
4,453,2660
4,455,44
4,456,266
4,457,26
4,458,6
4,459,51899
4,460,480
4,463,29473
4,465,268
4,466,168479
4,467,4300
4,469,123800
4,477,243723
4,478,31264
4,479,162
4,480,122464
4,481,37855
4,484,378
4,487,19615
4,488,30611
4,489,130990
4,497,21303
4,498,22
5,0,50
5,3,22952
5,4,12
5,5,200
5,13,1052
5,15,54
5,17,8242
5,18,718
5,19,47360
5,21,6122
5,22,160
5,24,600
5,30,726
5,101,15272
5,105,23196
5,107,378620
5,108,346
5,110,170
5,111,22392
5,113,4966
5,114,50
5,115,41914
5,116,46764
5,118,1206
5,120,562
5,121,137090
5,122,86588
5,123,12
5,124,16842
5,125,29220
5,126,68
5,127,174272
5,128,142952
5,129,10
5,130,68446
5,134,148078
5,135,104968
5,137,107940
5,140,43136
5,145,88240
5,150,8464
5,153,183408
5,160,336
5,169,4
5,171,788
5,173,56102
5,174,88
5,178,165846
5,181,4
5,182,1090
5,203,298
5,205,135148
5,208,98
5,210,2102
5,211,74232
5,212,41436
5,213,31486
5,215,56040
5,216,2
5,219,88270
5,223,2
5,224,712
5,232,146758
5,234,19150
5,236,60458
5,237,70742
5,242,8632
5,243,44434
5,244,62962
5,245,1460
5,253,16
5,256,6
5,258,23746
5,259,150524
5,261,48
5,262,124
5,265,196134
5,266,37354
5,268,424
5,272,58
5,274,542
5,277,118
5,278,23874
5,280,3868
5,281,2
5,282,1398
5,311,46
5,315,46218
5,317,7644
5,319,29958
5,320,244
5,322,2
5,325,15174
5,326,8802
5,328,64134
5,330,94
5,332,154
5,333,1600
5,334,71052
5,340,43102
5,341,16
5,343,17226
5,347,28516
5,349,39620
5,352,4
5,353,158
5,356,44
5,360,698
5,361,586
5,364,17524
5,371,2046
5,373,7660
5,376,41380
5,377,58278
5,379,155410
5,386,33344
5,391,86
5,400,11400
5,401,44262
5,402,14222
5,404,2400
5,406,942
5,407,6
5,408,56
5,409,74398
5,410,16
5,411,1570
5,412,23792
5,414,74
5,416,114
5,417,9498
5,419,610
5,420,10
5,421,718
5,424,56856
5,430,22732
5,435,81108
5,439,110826
5,442,133488
5,445,30192
5,446,200
5,448,6432
5,449,1088
5,450,190
5,451,178
5,452,81554
5,453,1594
5,455,46
5,456,208
5,457,42
5,459,50718
5,460,476
5,463,24368
5,465,292
5,466,136692
5,467,3364
5,469,98792
5,477,220136
5,478,23832
5,479,96
5,480,101890
5,481,30018
5,484,316
5,487,15234
5,488,13652
5,489,107636
5,490,2
5,497,17308
5,498,34
6,0,23
6,3,10910
6,4,5
6,5,46
6,13,459
6,15,34
6,17,3638
6,18,276
6,19,20888
6,21,3927
6,22,84
6,24,216
6,30,245
6,101,5944
6,105,10950
6,107,179461
6,108,153
6,110,99
6,111,9710
6,113,2267
6,114,30
6,115,19155
6,116,22711
6,118,475
6,120,244
6,121,60212
6,122,38179
6,123,5
6,124,7365
6,125,14881
6,126,19
6,127,74038
6,128,68221
6,129,6
6,130,30358
6,134,66754
6,135,45658
6,137,54869
6,140,20230
6,145,38190
6,150,3656
6,153,82628
6,160,111
6,171,285
6,173,23925
6,174,44
6,178,82599
6,181,2
6,182,477
6,203,137
6,205,63891
6,208,36
6,210,834
6,211,34804
6,212,19112
6,213,14833
6,215,24838
6,216,9
6,219,39702
6,222,3
6,223,1
6,224,423
6,225,2
6,232,65288
6,234,9330
6,236,30019
6,237,34034
6,242,3776
6,243,16460
6,244,29319
6,245,510
6,253,6
6,256,6
6,258,11810
6,259,74533
6,261,26
6,262,50
6,265,103529
6,266,16426
6,268,189
6,272,2
6,274,300
6,277,51
6,278,10834
6,280,1594
6,281,1
6,282,649
6,311,28
6,315,20345
6,317,3178
6,319,13215
6,320,168
6,325,6465
6,326,5823
6,328,29082
6,330,26
6,332,61
6,333,839
6,334,37917
6,340,21428
6,341,9
6,343,7818
6,347,14796
6,349,17194
6,352,2
6,353,69
6,356,20
6,360,279
6,361,229
6,364,8977
6,371,869
6,373,2493
6,376,18858
6,377,25628
6,379,68641
6,386,14934
6,391,29
6,400,5838
6,401,19829
6,402,6509
6,404,1055
6,406,393
6,407,5
6,408,27
6,409,33332
6,410,9
6,411,715
6,412,10715
6,414,41
6,416,42
6,417,4632
6,419,308
6,420,2
6,421,325
6,424,25024
6,430,9714
6,435,36363
6,439,47858
6,442,62480
6,445,14020
6,446,106
6,448,3271
6,449,447
6,450,102
6,451,60
6,452,35456
6,453,219
6,455,20
6,456,112
6,457,17
6,459,25247
6,460,250
6,463,11142
6,465,148
6,466,60477
6,467,1381
6,469,42723
6,477,97985
6,478,10178
6,479,26
6,480,46482
6,481,12915
6,484,138
6,487,6525
6,488,63
6,489,48447
6,497,7671
6,498,66
7,0,27
7,3,10571
7,4,3
7,5,54
7,13,323
7,15,20
7,17,3599
7,18,185
7,19,20152
7,21,2758
7,22,68
7,24,140
7,30,167
7,101,38300
7,105,14424
7,107,186776
7,108,148
7,110,80
7,111,9337
7,113,2220
7,114,29
7,115,18079
7,116,23685
7,118,367
7,120,196
7,121,58535
7,122,38478
7,123,11
7,124,7330
7,125,11427
7,126,14
7,127,72544
7,128,68319
7,129,3
7,130,29651
7,134,69228
7,135,42434
7,137,59113
7,140,21688
7,145,33882
7,150,3646
7,153,80851
7,160,88
7,171,343
7,173,23093
7,174,19
7,178,76739
7,181,2
7,182,329
7,203,136
7,205,63670
7,208,24
7,210,792
7,211,33855
7,212,19076
7,213,16152
7,215,24539
7,216,1
7,219,38341
7,224,458
7,225,776
7,232,120585
7,234,9246
7,236,29029
7,237,35209
7,242,3713
7,243,13771
7,244,29310
7,245,437
7,251,1
7,253,13
7,256,1
7,258,8866
7,259,71362
7,261,20
7,262,49
7,265,119450
7,266,16187
7,268,193
7,274,262
7,277,26
7,278,10503
7,280,1096
7,282,736
7,311,23
7,315,19901
7,317,3208
7,319,12580
7,320,190
7,325,6243
7,326,5991
7,328,28633
7,330,47
7,332,56
7,333,910
7,334,39788
7,340,20343
7,341,7
7,343,7303
7,347,14006
7,349,16384
7,352,6
7,353,68
7,356,13
7,360,201
7,361,134
7,364,8986
7,371,1123
7,373,2153
7,376,22609
7,377,24754
7,379,68059
7,386,14762
7,391,25
7,400,5454
7,401,19039
7,402,6614
7,404,760
7,406,304
7,407,5
7,408,27
7,409,32421
7,410,6
7,411,804
7,412,10372
7,414,191
7,416,25
7,417,4193
7,419,296
7,420,1
7,421,222
7,424,23894
7,430,9509
7,435,35353
7,439,46545
7,442,57129
7,445,13159
7,446,126
7,448,3163
7,449,432
7,450,118
7,451,76
7,452,35043
7,453,167
7,455,12
7,456,83
7,457,25
7,458,1
7,459,25089
7,460,164
7,463,10805
7,465,144
7,466,61424
7,467,1662
7,469,40956
7,477,92470
7,478,9872
7,479,25
7,480,45495
7,481,12681
7,484,97
7,487,6188
7,488,47
7,489,48058
7,497,7274
7,498,86
8,0,31
8,3,10270
8,4,12
8,5,44
8,13,389
8,15,56
8,17,3687
8,18,171
8,19,21674
8,21,2974
8,22,75
8,24,160
8,30,166
8,101,46345
8,105,17575
8,107,189607
8,108,96
8,110,71
8,111,10000
8,113,2425
8,114,29
8,115,20028
8,116,25021
8,118,399
8,120,155
8,121,60682
8,122,39139
8,123,6
8,124,7637
8,125,13535
8,126,23
8,127,71416
8,128,94237
8,129,1487
8,130,29290
8,134,78135
8,135,46130
8,137,64458
8,140,24821
8,145,42310
8,150,3740
8,153,86213
8,160,64
8,171,486
8,173,24519
8,174,44
8,178,74926
8,181,3
8,182,422
8,203,160
8,205,65202
8,208,45
8,210,789
8,211,30199
8,212,19160
8,213,19430
8,215,24797
8,216,7
8,219,40810
8,222,2
8,223,1
8,224,411
8,225,1003
8,232,141763
8,234,9034
8,236,27006
8,237,36214
8,242,3796
8,243,15016
8,244,31871
8,245,341
8,253,45
8,256,4
8,258,10885
8,259,77723
8,261,28
8,262,51
8,265,132454
8,266,16701
8,268,186
8,274,295
8,277,55
8,278,11143
8,280,908
8,281,1
8,282,834
8,311,44
8,315,21073
8,317,3360
8,319,13505
8,320,194
8,325,6634
8,326,6698
8,328,29174
8,330,61
8,332,64
8,333,1017
8,334,44815
8,340,17923
8,341,23
8,343,7870
8,347,14353
8,349,17173
8,352,10
8,353,62
8,356,6
8,360,265
8,361,160
8,364,8380
8,371,4282
8,373,2823
8,376,21860
8,377,26735
8,379,71769
8,386,15300
8,391,30
8,400,6068
8,401,20208
8,402,6398
8,404,1257
8,406,420
8,407,2
8,408,25
8,409,34384
8,410,5
8,411,972
8,412,11443
8,414,55
8,416,45
8,417,4876
8,419,314
8,420,5
8,421,255
8,424,25477
8,430,9924
8,435,37466
8,439,48886
8,442,64183
8,445,14944
8,446,259
8,448,3524
8,449,664
8,450,219
8,451,112
8,452,35100
8,453,175
8,455,16
8,456,97
8,457,17
8,458,1
8,459,25194
8,460,112
8,463,11548
8,465,130
8,466,66166
8,467,1807
8,469,42492
8,477,97080
8,478,10916
8,479,70
8,480,47997
8,481,13302
8,484,80
8,487,6581
8,488,70
8,489,50342
8,493,1
8,497,7961
8,498,52
9,0,28
9,3,21878
9,4,22
9,5,82
9,13,1252
9,15,72
9,17,7442
9,18,4546
9,19,41930
9,21,8071
9,22,134
9,24,326
9,30,742
9,101,52222
9,105,36505
9,107,509548
9,108,322
9,110,138
9,111,19224
9,113,16550
9,114,58
9,115,43197
9,116,48649
9,118,922
9,120,368
9,121,117075
9,122,82673
9,123,12
9,124,15367
9,125,29074
9,126,50
9,127,139688
9,128,177856
9,129,3512
9,130,55654
9,134,153937
9,135,85623
9,137,121747
9,140,60032
9,145,64875
9,150,7424
9,153,158201
9,160,196
9,171,1280
9,173,47459
9,174,52
9,178,229171
9,181,4
9,182,1302
9,203,238
9,205,123759
9,208,32
9,210,1862
9,211,54829
9,212,39329
9,213,43358
9,215,66955
9,216,6
9,219,80455
9,222,8
9,224,958
9,225,2204
9,232,349462
9,234,17213
9,236,50842
9,237,75102
9,242,7765
9,243,12999
9,244,70139
9,245,730
9,253,56
9,256,2
9,258,23058
9,259,161433
9,261,96
9,262,96
9,265,288305
9,266,33389
9,268,584
9,272,28
9,274,450
9,277,62
9,278,21741
9,280,2074
9,281,2
9,282,1724
9,311,124
9,315,41285
9,317,6652
9,319,26115
9,320,388
9,325,12988
9,326,12338
9,328,59624
9,330,660
9,332,156
9,333,2564
9,334,105382
9,340,32830
9,341,30
9,343,23049
9,347,40727
9,349,34138
9,352,14
9,353,132
9,356,14
9,360,469
9,361,422
9,364,16099
9,371,4620
9,373,3854
9,376,13256
9,377,52473
9,379,140326
9,386,30339
9,391,112
9,400,14706
9,401,39826
9,402,13592
9,404,410
9,406,794
9,407,4
9,408,50
9,409,67644
9,410,12
9,411,2071
9,412,22224
9,414,106
9,416,60
9,417,11584
9,419,628
9,420,46
9,421,530
9,424,50144
9,430,19422
9,435,73763
9,439,96145
9,442,132040
9,445,32765
9,446,570
9,448,8566
9,449,1514
9,450,298
9,451,232
9,452,66878
9,453,360
9,455,12
9,456,270
9,457,78
9,459,52406
9,460,260
9,463,22599
9,465,298
9,466,134311
9,467,4108
9,469,81017
9,477,189785
9,478,20744
9,479,98
9,480,93819
9,481,26810
9,484,194
9,487,12912
9,488,186
9,489,98456
9,497,15573
9,498,84
10,0,44
10,3,25240
10,4,30
10,5,2008
10,13,666
10,15,168
10,17,7896
10,18,54362
10,19,44554
10,21,8810
10,22,170
10,24,388
10,30,618
10,101,18952
10,105,39588
10,107,401958
10,108,298
10,110,212
10,111,20578
10,113,21762
10,114,46
10,115,45140
10,116,52584
10,118,942
10,120,376
10,121,119938
10,122,85560
10,123,12
10,124,15978
10,125,35860
10,126,42
10,127,146064
10,128,226980
10,129,3034
10,130,53496
10,134,177842
10,135,85222
10,137,111442
10,140,73548
10,145,71232
10,149,2
10,150,7850
10,153,170766
10,160,154
10,171,1548
10,172,2
10,173,51096
10,174,54
10,178,205430
10,181,2
10,182,678
10,203,360
10,205,129974
10,208,56
10,210,2388
10,211,50330
10,212,38884
10,213,40156
10,215,100576
10,216,10
10,219,85012
10,223,8
10,224,854
10,225,2458
10,232,328194
10,234,118144
10,236,50512
10,237,80452
10,242,8418
10,243,2492
10,244,72824
10,245,620
10,251,2
10,253,58
10,256,6
10,258,28930
10,259,165826
10,261,130
10,262,84
10,265,305420
10,266,35602
10,268,614
10,274,412
10,277,68
10,278,22942
10,280,2498
10,281,4
10,282,1942
10,311,112
10,315,43972
10,317,7018
10,319,28326
10,320,404
10,325,13702
10,326,10956
10,328,60344
10,330,2014
10,332,140
10,333,2184
10,334,91110
10,340,32006
10,341,52
10,343,26386
10,347,56816
10,349,36550
10,352,2
10,353,96
10,356,16
10,360,398
10,361,450
10,364,15730
10,371,1076
10,373,4422
10,376,43354
10,377,54756
10,379,146142
10,386,31538
10,391,234
10,400,15082
10,401,41866
10,402,16778
10,404,642
10,406,894
10,407,10
10,408,60
10,409,71370
10,410,18
10,411,1864
10,412,23002
10,414,96
10,416,96
10,417,11968
10,419,604
10,420,50
10,421,630
10,424,53482
10,430,20804
10,435,76754
10,439,102972
10,442,142698
10,445,34368
10,446,218
10,448,8584
10,449,1482
10,450,308
10,451,60
10,452,66044
10,453,424
10,455,50
10,456,410
10,457,82
10,459,54166
10,460,226
10,463,23440
10,465,274
10,466,130058
10,467,6462
10,469,84740
10,477,204244
10,478,22786
10,479,100
10,480,97628
10,481,28562
10,483,8
10,484,212
10,487,13976
10,488,182
10,489,100046
10,497,16278
10,498,40
11,0,48
11,3,15545
11,4,21
11,5,355
11,13,408
11,14,1
11,15,171
11,17,3813
11,18,13274
11,19,21243
11,21,2877
11,22,94
11,24,158
11,30,342
11,101,8119
11,105,17412
11,107,200248
11,108,149
11,110,112
11,111,9935
11,113,7235
11,114,4
11,115,23577
11,116,24970
11,118,610
11,120,280
11,121,59379
11,122,39848
11,123,9
11,124,7789
11,125,23528
11,126,23
11,127,70462
11,128,98345
11,129,515
11,130,18376
11,134,91157
11,135,44015
11,137,52181
11,140,46803
11,145,46325
11,150,3742
11,153,88804
11,160,211
11,171,856
11,172,1
11,173,24564
11,174,45
11,178,100914
11,181,5
11,182,441
11,203,201
11,205,66614
11,208,39
11,210,1445
11,211,17802
11,212,18623
11,213,19120
11,215,52307
11,216,7
11,219,41018
11,222,1
11,223,3
11,224,408
11,225,1541
11,232,181128
11,234,60965
11,236,25979
11,237,43785
11,242,3935
11,243,3833
11,244,44988
11,245,475
11,253,32
11,256,3
11,258,20625
11,259,81495
11,261,67
11,262,61
11,265,147610
11,266,17351
11,268,421
11,272,54
11,274,203
11,277,41
11,278,11185
11,280,1628
11,281,3
11,282,1104
11,311,43
11,315,20925
11,317,3356
11,319,13249
11,320,144
11,325,6490
11,326,4818
11,328,29034
11,330,829
11,332,84
11,333,1248
11,334,34059
11,340,16445
11,341,32
11,343,90321
11,347,84954
11,349,17660
11,353,57
11,356,17
11,360,355
11,361,275
11,364,8635
11,371,805
11,373,2544
11,376,18471
11,377,26463
11,379,71749
11,386,15416
11,391,138
11,400,10754
11,401,20602
11,402,9230
11,404,3119
11,406,725
11,407,4
11,408,16
11,409,34385
11,410,9
11,411,997
11,412,11162
11,414,43
11,416,52
11,417,6712
11,419,280
11,420,3
11,421,301
11,424,25513
11,430,9926
11,435,38105
11,439,48632
11,442,78102
11,445,18297
11,446,384
11,448,5041
11,449,785
11,450,240
11,451,59
11,452,23994
11,453,161
11,455,18
11,456,192
11,457,16
11,459,29850
11,460,88
11,463,11517
11,465,134
11,466,64381
11,467,3208
11,469,40564
11,477,111968
11,478,10779
11,479,84
11,480,47574
11,481,13222
11,483,2
11,484,230
11,487,6610
11,488,195
11,489,49411
11,497,8062
11,498,15
12,0,22
12,3,18021
12,4,8
12,5,56
12,13,562
12,14,1
12,15,200
12,17,3856
12,18,901
12,19,21479
12,21,2740
12,22,93
12,24,263
12,30,418
12,101,7541
12,105,20175
12,107,174649
12,108,124
12,110,119
12,111,9917
12,113,2520
12,115,24029
12,116,25167
12,118,617
12,120,367
12,121,62557
12,122,40426
12,123,4
12,124,7959
12,125,28319
12,126,49
12,127,69249
12,128,92793
12,129,10
12,130,18575
12,134,95170
12,135,44801
12,137,46532
12,140,49067
12,145,54139
12,149,1
12,150,3832
12,153,90223
12,160,236
12,171,860
12,173,24682
12,174,47
12,178,104940
12,182,582
12,203,178
12,205,71652
12,208,47
12,210,1698
12,211,19020
12,212,18258
12,213,19040
12,215,52314
12,216,11
12,219,41289
12,223,5
12,224,398
12,225,1521
12,232,127716
12,234,11605
12,236,26088
12,237,42034
12,242,3974
12,243,3800
12,244,48180
12,245,656
12,253,96
12,256,1
12,258,25584
12,259,94772
12,261,26
12,262,29
12,265,137624
12,266,17236
12,268,396
12,274,138
12,277,65
12,278,11381
12,280,2027
12,281,1
12,282,1090
12,311,49
12,315,21019
12,317,3393
12,319,13490
12,320,87
12,325,6681
12,326,4662
12,328,28490
12,330,719
12,332,58
12,333,1342
12,334,28539
12,340,18027
12,341,37
12,343,8028
12,347,78345
12,349,17641
12,353,72
12,356,26
12,360,403
12,361,377
12,364,9846
12,371,1026
12,373,2292
12,376,17318
12,377,26516
12,379,73068
12,386,15875
12,391,128
12,400,15201
12,401,20856
12,402,9998
12,404,2977
12,406,939
12,407,4
12,408,12
12,409,34683
12,410,18
12,411,1005
12,412,11208
12,414,39
12,416,55
12,417,6766
12,419,291
12,420,11
12,421,427
12,424,25768
12,430,9908
12,435,38129
12,439,49108
12,442,87167
12,445,18944
12,446,446
12,448,5419
12,449,1156
12,450,314
12,451,32
12,452,23851
12,453,221
12,455,22
12,456,165
12,457,40
12,459,30618
12,460,99
12,463,11691
12,465,98
12,466,64674
12,467,1972
12,469,41486
12,473,1
12,477,108896
12,478,10727
12,479,115
12,480,47826
12,481,13598
12,484,328
12,487,6668
12,488,196
12,489,49786
12,497,8157
12,498,61
13,0,74
13,3,42094
13,4,22
13,5,98
13,13,996
13,15,384
13,17,8270
13,18,1920
13,19,46488
13,21,7482
13,22,262
13,24,602
13,30,1186
13,101,15812
13,105,46702
13,107,358384
13,108,318
13,110,258
13,111,21018
13,113,4884
13,115,51853
13,116,53002
13,118,852
13,120,760
13,121,139412
13,122,82732
13,123,8
13,124,16597
13,125,65237
13,126,128
13,127,144827
13,128,166554
13,129,24
13,130,39292
13,134,208245
13,135,96283
13,137,102030
13,140,96259
13,145,121728
13,150,8300
13,153,191883
13,160,660
13,171,1426
13,173,53023
13,174,74
13,178,216880
13,181,4
13,182,1076
13,203,424
13,205,160039
13,208,112
13,210,3568
13,211,41008
13,212,39024
13,213,37645
13,215,104652
13,216,4
13,219,88176
13,223,6
13,224,814
13,225,3778
13,232,207561
13,233,30
13,234,23670
13,236,55246
13,237,88090
13,242,8422
13,243,9061
13,244,98420
13,245,1407
13,253,690
13,256,4
13,258,58413
13,259,208922
13,261,22
13,265,275684
13,266,36067
13,268,850
13,272,14
13,274,320
13,277,130
13,278,24080
13,280,4326
13,282,2074
13,311,100
13,315,44685
13,317,7311
13,319,27882
13,320,178
13,325,13875
13,326,12512
13,328,61057
13,330,668
13,332,166
13,333,2772
13,334,46130
13,340,39335
13,341,74
13,343,4604
13,347,182518
13,349,37036
13,352,2
13,353,140
13,356,134
13,360,804
13,361,1052
13,364,21109
13,371,2606
13,373,3994
13,376,30741
13,377,56783
13,379,156900
13,386,33333
13,391,238
13,400,35820
13,401,43321
13,402,22524
13,404,4774
13,406,2286
13,407,4
13,409,72937
13,410,50
13,411,1932
13,412,23924
13,414,84
13,416,112
13,417,14729
13,419,476
13,420,16
13,421,1148
13,424,54956
13,430,20538
13,435,80934
13,439,104876
13,442,189411
13,445,40570
13,446,1038
13,448,10529
13,449,2828
13,450,608
13,451,100
13,452,51185
13,453,506
13,455,56
13,456,358
13,457,112
13,459,64922
13,460,204
13,463,24216
13,465,180
13,466,137899
13,467,4240
13,469,90887
13,477,238410
13,478,23122
13,479,278
13,480,103145
13,481,29211
13,484,568
13,487,14303
13,488,496
13,489,105746
13,497,17092
13,498,42
14,0,64
14,3,44418
14,4,36
14,5,62
14,13,1502
14,15,444
14,17,8396
14,18,2274
14,19,47604
14,21,7482
14,22,308
14,24,658
14,30,1016
14,101,17790
14,105,53512
14,107,350938
14,108,310
14,110,264
14,111,21900
14,113,5664
14,115,47248
14,116,55538
14,118,994
14,120,864
14,121,147816
14,122,84480
14,123,8
14,124,17146
14,125,66082
14,126,104
14,127,168576
14,128,160706
14,129,28
14,130,40474
14,134,208242
14,135,93314
14,137,106794
14,140,97238
14,145,123604
14,150,8374
14,153,200552
14,160,406
14,171,1058
14,173,54786
14,174,92
14,178,164904
14,182,1598
14,203,370
14,205,180044
14,208,102
14,210,3438
14,211,59088
14,212,40490
14,213,36542
14,215,104408
14,216,8
14,219,88954
14,222,2
14,223,4
14,224,766
14,225,3466
14,232,208810
14,233,2
14,234,27544
14,236,72048
14,237,85676
14,242,8544
14,243,8950
14,244,97068
14,245,2076
14,253,926
14,256,10
14,258,62696
14,259,220526
14,261,18
14,265,272626
14,266,37384
14,268,606
14,272,40
14,274,164
14,277,134
14,278,23762
14,280,4994
14,282,1888
14,311,72
14,315,46128
14,317,7744
14,319,29718
14,320,154
14,325,14892
14,326,14474
14,328,62682
14,330,292
14,332,163
14,333,2566
14,334,33374
14,340,56824
14,341,56
14,343,4556
14,347,130098
14,349,39144
14,352,6
14,353,162
14,356,160
14,360,938
14,361,1170
14,364,20718
14,371,3512
14,373,1340
14,376,35800
14,377,58116
14,379,161697
14,386,33214
14,391,222
14,400,40160
14,401,44366
14,402,16670
14,404,5046
14,406,2798
14,407,4
14,409,74580
14,410,52
14,411,1466
14,412,23934
14,414,72
14,416,100
14,417,12372
14,419,364
14,420,10
14,421,1124
14,424,56866
14,430,22228
14,435,81718
14,439,108826
14,442,203494
14,445,36156
14,446,1488
14,448,11190
14,449,3764
14,450,732
14,451,76
14,452,53286
14,453,456
14,455,68
14,456,278
14,457,132
14,459,58434
14,460,202
14,463,24688
14,465,162
14,466,136714
14,467,5594
14,469,96588
14,477,269886
14,478,23865
14,479,272
14,480,103314
14,481,30028
14,484,574
14,487,14894
14,488,548
14,489,105368
14,497,17376
14,498,362
15,0,21
15,3,21151
15,4,11
15,5,15
15,13,686
15,15,284
15,17,3549
15,18,979
15,19,20171
15,21,2596
15,22,159
15,24,273
15,30,535
15,101,7469
15,105,34144
15,107,139403
15,108,109
15,110,141
15,111,9514
15,113,3212
15,115,18246
15,116,23797
15,118,395
15,120,523
15,121,72099
15,122,36602
15,123,6
15,124,7237
15,125,32933
15,126,61
15,127,87478
15,128,69156
15,129,13
15,130,17415
15,134,92166
15,135,37662
15,137,89728
15,140,43097
15,145,64292
15,150,3646
15,153,88522
15,160,126
15,171,296
15,173,24183
15,174,48
15,178,61240
15,182,721
15,203,213
15,205,86542
15,208,50
15,210,1313
15,211,33408
15,212,19214
15,213,14740
15,215,56229
15,216,3
15,219,38322
15,222,2
15,223,4
15,224,323
15,225,1620
15,232,95612
15,234,16706
15,236,39219
15,237,37732
15,242,3650
15,243,3806
15,244,39245
15,245,1295
15,253,617
15,256,3
15,258,33101
15,259,117804
15,261,2
15,265,117929
15,266,15993
15,268,405
15,272,1
15,274,58
15,277,57
15,278,10309
15,280,1783
15,281,4
15,282,802
15,311,25
15,315,19958
15,317,3289
15,319,12704
15,320,54
15,325,6439
15,326,7866
15,328,28795
15,330,60
15,332,66
15,333,1034
15,334,9164
15,340,32228
15,341,44
15,343,1656
15,347,11152
15,349,16738
15,353,63
15,356,61
15,360,375
15,361,438
15,364,12507
15,371,1510
15,373,488
15,376,19856
15,377,24720
15,379,71795
15,386,14743
15,391,69
15,400,18491
15,401,18969
15,402,6699
15,404,2895
15,406,1429
15,409,31991
15,410,21
15,411,344
15,412,10366
15,414,22
15,416,63
15,417,4160
15,419,102
15,420,1
15,421,443
15,424,24037
15,430,9368
15,435,34993
15,439,46711
15,442,101450
15,445,13121
15,446,1044
15,448,5248
15,449,1863
15,450,352
15,451,31
15,452,22627
15,453,249
15,455,16
15,456,215
15,457,73
15,459,23180
15,460,104
15,463,10811
15,465,56
15,466,53773
15,467,1844
15,469,42175
15,477,136701
15,478,10131
15,479,58
15,480,44244
15,481,12718
15,484,283
15,487,6373
15,488,265
15,489,44814
15,497,7432
15,498,43
16,0,10
16,3,15826
16,4,8
16,5,6
16,13,8292
16,15,316
16,17,1911
16,18,2144
16,19,10925
16,21,2407
16,22,2027
16,24,2727
16,30,12179
16,101,67141
16,105,15437
16,107,125707
16,108,124
16,110,1117
16,111,5031
16,113,18078
16,115,22321
16,116,6107
16,118,4632
16,120,4919
16,121,74106
16,122,34006
16,123,6
16,124,3801
16,125,30471
16,126,305
16,127,77834
16,128,67052
16,129,7
16,130,17628
16,134,130784
16,135,33518
16,137,42292
16,138,3
16,140,23846
16,145,140311
16,150,1907
16,153,50057
16,160,3572
16,171,179
16,173,12877
16,174,3
16,178,85016
16,181,3
16,182,9392
16,203,127
16,205,63826
16,208,3
16,210,651
16,211,37739
16,212,16022
16,213,7239
16,215,21118
16,216,1
16,219,20548
16,224,239
16,232,58875
16,234,12871
16,236,28021
16,237,20332
16,242,1876
16,243,2963
16,244,35985
16,245,17805
16,253,1707
16,258,14753
16,259,97844
16,261,14
16,265,62351
16,266,8465
16,268,238
16,272,55
16,274,176
16,277,370
16,278,5673
16,280,19209
16,281,1
16,282,322
16,311,13
16,315,10591
16,317,3268
16,319,6822
16,320,338
16,322,5312
16,325,3426
16,326,11148
16,328,21135
16,330,1727
16,332,414
16,333,425
16,334,6406
16,340,27931
16,341,20
16,343,3024
16,347,12654
16,349,8984
16,353,391
16,356,941
16,360,1692
16,361,2863
16,364,17507
16,371,11567
16,373,929
16,376,11417
16,377,13353
16,379,44084
16,386,7953
16,391,1038
16,400,2931
16,401,10398
16,402,6600
16,404,1974
16,406,5729
16,407,5
16,409,16984
16,410,121
16,411,183
16,412,5550
16,414,21
16,416,669
16,417,8394
16,419,142
16,421,2757
16,424,12892
16,430,5047
16,435,18776
16,439,24776
16,442,56512
16,445,18944
16,446,4760
16,448,879
16,449,9095
16,450,1256
16,451,160
16,452,20555
16,453,56
16,455,24
16,456,105
16,457,896
16,459,18439
16,460,1911
16,463,5860
16,465,12
16,466,65397
16,467,2203
16,469,33927
16,471,1
16,477,88137
16,478,5553
16,479,1902
16,480,23706
16,481,6788
16,483,3
16,484,1266
16,487,3344
16,488,687
16,489,26757
16,490,5338
16,497,3853
16,498,3
17,0,14
17,3,10138
17,5,1
17,13,430
17,15,43
17,17,1136
17,18,127
17,19,6415
17,21,1479
17,22,115
17,24,195
17,30,354
17,101,5762
17,105,8408
17,107,68148
17,108,55
17,110,416
17,111,3174
17,113,702
17,115,7816
17,116,3632
17,118,200
17,120,226
17,121,46801
17,122,19129
17,123,6
17,124,2325
17,125,9847
17,126,17
17,127,47658
17,128,35126
17,129,5
17,130,10953
17,134,49010
17,135,14903
17,137,23976
17,140,18374
17,145,52282
17,150,1125
17,153,32522
17,160,88
17,171,86
17,173,8416
17,178,25400
17,181,2
17,182,505
17,203,78
17,205,41643
17,210,405
17,211,25463
17,212,10686
17,213,3977
17,215,13726
17,216,2
17,219,12505
17,223,4
17,224,233
17,232,37510
17,234,8066
17,236,19243
17,237,12100
17,242,1192
17,243,1535
17,244,19158
17,245,779
17,253,91
17,256,1
17,258,8472
17,259,55938
17,261,19
17,265,33823
17,266,5103
17,268,167
17,272,3
17,274,74
17,277,9
17,278,3373
17,280,671
17,281,1
17,282,162
17,311,3
17,315,6337
17,317,1081
17,319,4164
17,320,44
17,322,4508
17,325,1997
17,326,6512
17,328,13746
17,330,200
17,332,19
17,333,177
17,334,4766
17,340,19166
17,341,11
17,343,2517
17,347,8632
17,349,5497
17,353,36
17,356,33
17,360,154
17,361,144
17,364,14571
17,371,659
17,373,667
17,376,3770
17,377,7861
17,379,27054
17,386,4686
17,391,50
17,400,4326
17,401,6287
17,402,3943
17,404,1837
17,406,397
17,409,10028
17,410,3
17,411,192
17,412,3357
17,414,11
17,416,19
17,417,2354
17,419,93
17,420,3
17,421,283
17,424,7665
17,430,3033
17,435,11269
17,439,15010
17,442,26639
17,445,6299
17,446,180
17,448,1587
17,449,683
17,450,135
17,451,83
17,452,12645
17,453,26
17,455,17
17,456,43
17,457,39
17,459,9673
17,460,107
17,463,3427
17,465,1
17,466,35161
17,467,1803
17,469,18046
17,477,59471
17,478,3299
17,479,133
17,480,14178
17,481,4054
17,483,2
17,484,91
17,487,2125
17,488,21
17,489,15400
17,490,4546
17,497,2339
17,498,1
18,0,8
18,3,6187
18,13,249
18,15,37
18,17,787
18,18,53
18,19,4236
18,21,893
18,22,36
18,24,70
18,30,134
18,101,2536
18,105,5940
18,107,41157
18,108,36
18,110,253
18,111,1932
18,113,392
18,115,4331
18,116,2336
18,118,83
18,120,141
18,121,27567
18,122,11050
18,123,5
18,124,1527
18,125,5568
18,126,9
18,127,27324
18,128,19720
18,130,6547
18,134,25674
18,135,8856
18,137,13695
18,140,11337
18,145,27865
18,150,722
18,153,19759
18,160,21
18,171,47
18,173,5224
18,178,9649
18,181,2
18,182,273
18,203,37
18,205,26092
18,210,247
18,211,15367
18,212,6992
18,213,2602
18,215,8560
18,219,7903
18,222,1
18,224,162
18,232,23846
18,234,5227
18,236,11797
18,237,7213
18,242,792
18,243,985
18,244,10971
18,245,367
18,253,102
18,258,4806
18,259,34375
18,261,16
18,265,23273
18,266,3284
18,268,135
18,274,36
18,277,8
18,278,2263
18,280,380
18,282,108
18,311,2
18,315,4256
18,317,637
18,319,2679
18,320,27
18,322,2816
18,325,1288
18,326,3700
18,328,8924
18,330,52
18,332,13
18,333,133
18,334,3402
18,340,11730
18,341,2
18,343,1471
18,347,6976
18,349,3506
18,353,27
18,356,16
18,360,60
18,361,104
18,364,9600
18,371,470
18,373,366
18,376,2084
18,377,5066
18,379,18650
18,386,3069
18,391,14
18,400,2312
18,401,3960
18,402,2301
18,404,3
18,406,228
18,409,6596
18,410,5
18,411,151
18,412,2190
18,414,1
18,416,1
18,417,1167
18,419,38
18,421,147
18,424,4879
18,430,1883
18,435,7395
18,439,9537
18,442,15656
18,445,3428
18,446,64
18,448,822
18,449,436
18,450,36
18,451,48
18,452,7795
18,453,19
18,455,9
18,456,47
18,457,16
18,459,6277
18,460,57
18,463,2247
18,466,23483
18,467,1451
18,469,11219
18,477,33912
18,478,2003
18,479,40
18,480,9085
18,481,2671
18,484,33
18,487,1286
18,488,3
18,489,9475
18,490,2814
18,497,1475
19,0,1
19,3,4608
19,13,165
19,15,12
19,17,518
19,18,37
19,19,3166
19,21,622
19,22,36
19,24,68
19,30,115
19,101,1580
19,105,3123
19,107,30100
19,108,33
19,110,139
19,111,1502
19,113,392
19,115,2675
19,116,1770
19,118,74
19,120,99
19,121,18622
19,122,7815
19,123,6
19,124,1160
19,125,2317
19,126,8
19,127,17677
19,128,11243
19,129,2
19,130,4613
19,134,16293
19,135,6157
19,137,9564
19,140,10218
19,145,16105
19,150,517
19,153,15422
19,160,8
19,171,48
19,173,3940
19,178,6274
19,182,177
19,203,25
19,205,18183
19,210,173
19,211,10421
19,212,4407
19,213,4677
19,215,6399
19,219,5813
19,224,83
19,232,16932
19,234,3643
19,236,8086
19,237,5395
19,242,539
19,243,652
19,244,6663
19,245,327
19,253,69
19,258,2555
19,259,22236
19,261,14
19,265,17370
19,266,2428
19,268,132
19,274,22
19,277,5
19,278,1624
19,280,325
19,282,95
19,311,1
19,315,3018
19,317,486
19,319,1959
19,320,18
19,322,809
19,325,983
19,326,2366
19,328,5849
19,330,28
19,332,10
19,333,124
19,334,2580
19,340,8047
19,341,2
19,343,1081
19,347,5830
19,349,2519
19,353,20
19,356,9
19,360,55
19,361,94
19,364,5213
19,371,314
19,373,223
19,376,1188
19,377,3745
19,379,13844
19,386,2241
19,391,6
19,400,3133
19,401,2864
19,402,1714
19,404,1
19,406,180
19,408,1
19,409,4707
19,410,1
19,411,98
19,412,1549
19,414,2
19,416,1
19,417,619
19,419,8
19,421,116
19,424,3722
19,430,1454
19,435,5428
19,439,7085
19,442,9760
19,445,2008
19,446,96
19,448,1079
19,449,309
19,450,30
19,451,39
19,452,5366
19,453,10
19,455,5
19,456,13
19,457,11
19,459,4235
19,460,50
19,463,1642
19,465,1
19,466,15870
19,467,1148
19,469,7934
19,477,22976
19,478,1572
19,479,31
19,480,6612
19,481,1976
19,484,15
19,487,997
19,488,2
19,489,6688
19,490,806
19,497,1156
20,0,4
20,3,4964
20,13,166
20,15,18
20,17,476
20,18,38
20,19,2701
20,21,494
20,22,27
20,24,80
20,30,65
20,101,1499
20,105,3584
20,107,25426
20,108,26
20,110,119
20,111,1250
20,113,337
20,115,2491
20,116,1469
20,118,44
20,120,67
20,121,14095
20,122,6452
20,123,2
20,124,982
20,125,2389
20,126,5
20,127,12878
20,128,9211
20,129,5
20,130,3615
20,134,13536
20,135,5367
20,137,7797
20,140,7455
20,145,11905
20,150,472
20,153,12808
20,160,3
20,171,15
20,173,3318
20,178,5298
20,182,175
20,203,21
20,205,14386
20,210,138
20,211,7488
20,212,3508
20,213,2194
20,215,5312
20,219,5199
20,222,1
20,224,68
20,232,12805
20,234,3044
20,236,5917
20,237,4506
20,242,518
20,243,529
20,244,4548
20,245,205
20,253,109
20,256,1
20,258,2403
20,259,19931
20,261,18
20,265,15111
20,266,2131
20,268,124
20,274,18
20,277,3
20,278,1349
20,280,210
20,282,164
20,315,2663
20,317,434
20,319,1655
20,320,11
20,322,984
20,325,841
20,326,1761
20,328,4720
20,330,16
20,332,6
20,333,84
20,334,2740
20,340,5880
20,341,3
20,343,1080
20,347,6221
20,349,2247
20,353,24
20,356,9
20,360,59
20,361,59
20,364,3207
20,371,290
20,373,172
20,376,795
20,377,3233
20,379,11330
20,386,1959
20,391,4
20,400,2280
20,401,2535
20,402,1716
20,404,4
20,406,158
20,409,4314
20,410,2
20,411,79
20,412,1338
20,414,4
20,417,573
20,419,9
20,421,124
20,424,3204
20,430,1234
20,435,4706
20,439,5988
20,442,8776
20,445,1812
20,446,88
20,448,784
20,449,304
20,450,19
20,451,23
20,452,4261
20,453,4
20,455,5
20,456,10
20,457,9
20,459,3617
20,460,29
20,463,1413
20,466,12717
20,467,1060
20,469,6561
20,477,17199
20,478,1392
20,479,31
20,480,5931
20,481,1672
20,484,32
20,487,866
20,488,5
20,489,5985
20,490,984
20,497,979
20,498,1
21,0,1
21,3,7513
21,13,161
21,15,30
21,17,687
21,18,52
21,19,3713
21,21,636
21,22,26
21,24,69
21,30,89
21,101,1506
21,105,3997
21,107,34669
21,108,33
21,110,284
21,111,1656
21,113,359
21,115,3478
21,116,2012
21,118,63
21,120,69
21,121,16047
21,122,8480
21,123,5
21,124,1323
21,125,3982
21,126,42
21,127,13445
21,128,12625
21,129,1
21,130,4527
21,134,20089
21,135,7272
21,137,9732
21,140,10314
21,145,18785
21,150,688
21,153,17582
21,160,17
21,171,35
21,173,4415
21,178,7964
21,181,1
21,182,173
21,203,48
21,205,18738
21,210,170
21,211,7330
21,212,3780
21,213,3608
21,215,6588
21,219,7115
21,224,67
21,232,19374
21,234,3475
21,236,5751
21,237,6781
21,242,675
21,243,752
21,244,7164
21,245,153
21,253,129
21,258,3863
21,259,25793
21,261,9
21,265,19491
21,266,2906
21,268,126
21,272,31
21,274,25
21,277,5
21,278,1901
21,280,266
21,282,90
21,311,3
21,315,3618
21,317,603
21,319,2228
21,320,23
21,322,1901
21,325,1158
21,326,2472
21,328,5602
21,330,21
21,332,12
21,333,103
21,334,4430
21,340,5738
21,341,3
21,343,1286
21,347,8994
21,349,2990
21,353,19
21,356,8
21,360,54
21,361,64
21,364,2008
21,371,548
21,373,265
21,376,782
21,377,4646
21,379,14467
21,386,2771
21,391,11
21,400,2940
21,401,3631
21,402,2557
21,404,3
21,406,158
21,408,3
21,409,5683
21,410,2
21,411,83
21,412,1921
21,414,2
21,416,1
21,417,842
21,419,7
21,420,1
21,421,100
21,424,4546
21,430,1657
21,435,6553
21,439,8387
21,442,12624
21,445,2425
21,446,66
21,448,1076
21,449,386
21,450,23
21,451,7
21,452,5440
21,453,5
21,455,11
21,456,19
21,457,12
21,459,4355
21,460,39
21,463,2041
21,466,17766
21,467,1433
21,469,8224
21,477,20036
21,478,1787
21,479,33
21,480,8285
21,481,2399
21,484,27
21,487,1096
21,488,3
21,489,7853
21,490,1896
21,497,1381
22,0,8
22,3,13978
22,4,1
22,13,261
22,15,32
22,17,1747
22,18,96
22,19,9576
22,21,1187
22,22,52
22,24,118
22,30,207
22,101,2791
22,105,7214
22,107,83080
22,108,99
22,110,601
22,111,4121
22,113,489
22,115,8652
22,116,5112
22,118,148
22,120,165
22,121,34391
22,122,21454
22,123,3
22,124,3478
22,125,9493
22,126,194
22,127,27040
22,128,28892
22,129,3
22,130,10225
22,134,68520
22,135,18398
22,137,19627
22,138,1
22,140,20173
22,145,57344
22,150,1671
22,153,41321
22,160,50
22,171,196
22,173,10617
22,178,37215
22,182,272
22,203,83
22,205,36294
22,210,302
22,211,11659
22,212,6700
22,213,6255
22,215,12579
22,216,2
22,219,18092
22,222,1
22,224,75
22,232,40734
22,234,6285
22,236,8887
22,237,13892
22,242,1713
22,243,1067
22,244,17115
22,245,305
22,253,170
22,258,9014
22,259,52186
22,261,31
22,265,38536
22,266,7563
22,268,179
22,272,62
22,274,53
22,277,6
22,278,4852
22,280,720
22,282,219
22,311,5
22,315,9175
22,317,1558
22,319,5544
22,320,35
22,322,4808
22,325,2919
22,326,4305
22,328,11210
22,330,36
22,332,24
22,333,311
22,334,12697
22,340,8845
22,341,8
22,343,2593
22,347,17960
22,349,7540
22,353,30
22,356,12
22,360,114
22,361,164
22,364,2189
22,371,1894
22,373,656
22,376,1430
22,377,11695
22,379,34430
22,386,6940
22,391,33
22,400,5808
22,401,9187
22,402,5357
22,404,1362
22,406,332
22,408,1
22,409,14800
22,410,8
22,411,59
22,412,4950
22,414,7
22,417,2082
22,419,12
22,420,1
22,421,201
22,424,11232
22,430,4279
22,435,16896
22,439,21324
22,442,32233
22,445,6493
22,446,87
22,448,2136
22,449,453
22,450,52
22,451,5
22,452,12517
22,453,24
22,455,11
22,456,48
22,457,20
22,458,1
22,459,8574
22,460,72
22,463,5212
22,465,6
22,466,39747
22,467,1838
22,469,19042
22,477,41430
22,478,4585
22,479,55
22,480,21053
22,481,5912
22,484,45
22,487,2815
22,488,11
22,489,19770
22,490,4839
22,497,3536
22,498,2
23,0,6
23,3,19024
23,13,391
23,15,33
23,17,3416
23,18,175
23,19,19100
23,21,2739
23,22,87
23,24,167
23,30,343
23,101,4748
23,105,5571
23,107,134508
23,108,154
23,110,1068
23,111,8809
23,113,734
23,115,19762
23,116,10712
23,118,461
23,120,295
23,121,65201
23,122,44562
23,123,2
23,124,6949
23,125,15567
23,126,367
23,127,56318
23,128,57201
23,129,8
23,130,19829
23,134,125919
23,135,38635
23,137,38984
23,140,35026
23,145,98776
23,150,3338
23,153,80631
23,160,125
23,171,252
23,173,21431
23,178,67442
23,181,3
23,182,429
23,203,108
23,205,59799
23,210,478
23,211,17833
23,212,12847
23,213,8987
23,215,24120
23,216,3
23,219,35765
23,224,187
23,232,76023
23,233,1
23,234,8987
23,236,13163
23,237,20536
23,242,3508
23,243,2046
23,244,30437
23,245,646
23,253,190
23,258,12995
23,259,79163
23,261,72
23,265,63690
23,266,15347
23,268,178
23,274,125
23,277,10
23,278,9775
23,280,1101
23,281,1
23,282,316
23,311,13
23,315,18377
23,317,3210
23,319,11918
23,320,64
23,322,3279
23,325,5853
23,326,5969
23,328,22033
23,330,66
23,332,41
23,333,449
23,334,35290
23,340,13103
23,341,3
23,343,6280
23,347,20993
23,349,15495
23,353,30
23,356,27
23,360,210
23,361,352
23,364,3528
23,371,2053
23,373,1224
23,376,3180
23,377,23820
23,379,65715
23,386,13517
23,391,62
23,400,11694
23,401,17736
23,402,7627
23,404,1981
23,406,625
23,407,1
23,409,29507
23,410,8
23,411,671
23,412,9784
23,414,17
23,416,5
23,417,5279
23,419,14
23,420,5
23,421,319
23,424,23108
23,430,8886
23,435,33083
23,439,43892
23,442,60743
23,445,15042
23,446,211
23,448,4128
23,449,658
23,450,57
23,451,20
23,452,25277
23,453,54
23,455,15
23,456,81
23,457,27
23,459,16594
23,460,91
23,463,10078
23,465,1
23,466,73660
23,467,2005
23,469,39388
23,477,77380
23,478,10059
23,479,97
23,480,40993
23,481,12067
23,483,4
23,484,112
23,487,5919
23,488,22
23,489,40565
23,490,3309
23,497,7168
23,498,3
